snapshot_index,num_nodes,num_edges,up_target,down_target,up_ratio,down_ratio,connectivity,dataset,dataset_path,snapshot_id,total_snapshots
0,721,400609,613,108,0.8502080443828016,0.14979195561719838,0.7717078902758514,train,/home/mbisoffi/tests/TemporalGNNReview/code/data/datasets/graph/NASDAQ_Train_2016-05-01_2017-06-30_19,0,208
1,721,393997,472,249,0.6546463245492372,0.3453536754507628,0.7589709508398829,train,/home/mbisoffi/tests/TemporalGNNReview/code/data/datasets/graph/NASDAQ_Train_2016-05-01_2017-06-30_19,1,208
2,721,396007,414,307,0.5742024965325936,0.4257975034674064,0.7628428879642472,train,/home/mbisoffi/tests/TemporalGNNReview/code/data/datasets/graph/NASDAQ_Train_2016-05-01_2017-06-30_19,2,208
3,721,392983,514,207,0.7128987517337032,0.2871012482662968,0.7570176452458006,train,/home/mbisoffi/tests/TemporalGNNReview/code/data/datasets/graph/NASDAQ_Train_2016-05-01_2017-06-30_19,3,208
4,721,389836,561,160,0.7780859916782247,0.22191400832177532,0.7509554630913854,train,/home/mbisoffi/tests/TemporalGNNReview/code/data/datasets/graph/NASDAQ_Train_2016-05-01_2017-06-30_19,4,208
5,721,393143,322,399,0.44660194174757284,0.5533980582524272,0.7573258591462475,train,/home/mbisoffi/tests/TemporalGNNReview/code/data/datasets/graph/NASDAQ_Train_2016-05-01_2017-06-30_19,5,208
6,721,397545,148,573,0.20527045769764216,0.7947295423023578,0.7658055940822931,train,/home/mbisoffi/tests/TemporalGNNReview/code/data/datasets/graph/NASDAQ_Train_2016-05-01_2017-06-30_19,6,208
7,721,392702,504,217,0.6990291262135923,0.30097087378640774,0.7564763445831407,train,/home/mbisoffi/tests/TemporalGNNReview/code/data/datasets/graph/NASDAQ_Train_2016-05-01_2017-06-30_19,7,208
8,721,391633,507,214,0.7031900138696255,0.29680998613037446,0.7544170904607798,train,/home/mbisoffi/tests/TemporalGNNReview/code/data/datasets/graph/NASDAQ_Train_2016-05-01_2017-06-30_19,8,208
9,721,390065,530,191,0.7350901525658807,0.26490984743411927,0.7513965942364,train,/home/mbisoffi/tests/TemporalGNNReview/code/data/datasets/graph/NASDAQ_Train_2016-05-01_2017-06-30_19,9,208
10,721,392247,445,276,0.6171983356449375,0.38280166435506247,0.7555998613037448,train,/home/mbisoffi/tests/TemporalGNNReview/code/data/datasets/graph/NASDAQ_Train_2016-05-01_2017-06-30_19,10,208
11,721,394199,307,414,0.42579750346740636,0.5742024965325936,0.7593600708891971,train,/home/mbisoffi/tests/TemporalGNNReview/code/data/datasets/graph/NASDAQ_Train_2016-05-01_2017-06-30_19,11,208
12,721,393488,287,434,0.39805825242718446,0.6019417475728155,0.7579904453690861,train,/home/mbisoffi/tests/TemporalGNNReview/code/data/datasets/graph/NASDAQ_Train_2016-05-01_2017-06-30_19,12,208
13,721,399597,225,496,0.3120665742024965,0.6879334257975035,0.7697584373555247,train,/home/mbisoffi/tests/TemporalGNNReview/code/data/datasets/graph/NASDAQ_Train_2016-05-01_2017-06-30_19,13,208
14,721,396419,221,500,0.3065187239944521,0.6934812760055479,0.7636365387578979,train,/home/mbisoffi/tests/TemporalGNNReview/code/data/datasets/graph/NASDAQ_Train_2016-05-01_2017-06-30_19,14,208
15,721,396114,498,223,0.6907073509015257,0.3092926490984743,0.763049006010171,train,/home/mbisoffi/tests/TemporalGNNReview/code/data/datasets/graph/NASDAQ_Train_2016-05-01_2017-06-30_19,15,208
16,721,400252,203,518,0.2815533980582524,0.7184466019417476,0.7710201880104792,train,/home/mbisoffi/tests/TemporalGNNReview/code/data/datasets/graph/NASDAQ_Train_2016-05-01_2017-06-30_19,16,208
17,721,391041,471,250,0.6532593619972261,0.3467406380027739,0.7532766990291262,train,/home/mbisoffi/tests/TemporalGNNReview/code/data/datasets/graph/NASDAQ_Train_2016-05-01_2017-06-30_19,17,208
18,721,391860,311,410,0.43134535367545074,0.5686546463245492,0.7548543689320388,train,/home/mbisoffi/tests/TemporalGNNReview/code/data/datasets/graph/NASDAQ_Train_2016-05-01_2017-06-30_19,18,208
19,721,393968,498,223,0.6907073509015257,0.3092926490984743,0.7589150870704269,train,/home/mbisoffi/tests/TemporalGNNReview/code/data/datasets/graph/NASDAQ_Train_2016-05-01_2017-06-30_19,19,208
20,721,393747,406,315,0.5631067961165048,0.4368932038834952,0.7584893666204345,train,/home/mbisoffi/tests/TemporalGNNReview/code/data/datasets/graph/NASDAQ_Train_2016-05-01_2017-06-30_19,20,208
21,721,392710,227,494,0.31484049930651875,0.6851595006934812,0.756491755278163,train,/home/mbisoffi/tests/TemporalGNNReview/code/data/datasets/graph/NASDAQ_Train_2016-05-01_2017-06-30_19,21,208
22,721,392675,154,567,0.21359223300970873,0.7864077669902912,0.7564243334874403,train,/home/mbisoffi/tests/TemporalGNNReview/code/data/datasets/graph/NASDAQ_Train_2016-05-01_2017-06-30_19,22,208
23,721,390384,312,409,0.43273231622746183,0.5672676837725381,0.7520110957004161,train,/home/mbisoffi/tests/TemporalGNNReview/code/data/datasets/graph/NASDAQ_Train_2016-05-01_2017-06-30_19,23,208
24,721,392148,484,237,0.6712898751733704,0.32871012482662965,0.7554091539528432,train,/home/mbisoffi/tests/TemporalGNNReview/code/data/datasets/graph/NASDAQ_Train_2016-05-01_2017-06-30_19,24,208
25,721,392572,273,448,0.3786407766990291,0.6213592233009708,0.7562259207890276,train,/home/mbisoffi/tests/TemporalGNNReview/code/data/datasets/graph/NASDAQ_Train_2016-05-01_2017-06-30_19,25,208
26,721,397125,315,406,0.4368932038834951,0.5631067961165048,0.76499653259362,train,/home/mbisoffi/tests/TemporalGNNReview/code/data/datasets/graph/NASDAQ_Train_2016-05-01_2017-06-30_19,26,208
27,721,400698,364,357,0.5048543689320388,0.49514563106796117,0.7718793342579751,train,/home/mbisoffi/tests/TemporalGNNReview/code/data/datasets/graph/NASDAQ_Train_2016-05-01_2017-06-30_19,27,208
28,721,396084,667,54,0.9251040221914009,0.07489597780859913,0.7629912159038372,train,/home/mbisoffi/tests/TemporalGNNReview/code/data/datasets/graph/NASDAQ_Train_2016-05-01_2017-06-30_19,28,208
29,721,393297,504,217,0.6990291262135923,0.30097087378640774,0.7576225150254277,train,/home/mbisoffi/tests/TemporalGNNReview/code/data/datasets/graph/NASDAQ_Train_2016-05-01_2017-06-30_19,29,208
30,721,397631,542,179,0.7517337031900139,0.24826629680998613,0.7659712590537833,train,/home/mbisoffi/tests/TemporalGNNReview/code/data/datasets/graph/NASDAQ_Train_2016-05-01_2017-06-30_19,30,208
31,721,392398,382,339,0.5298196948682385,0.47018030513176146,0.7558907381722916,train,/home/mbisoffi/tests/TemporalGNNReview/code/data/datasets/graph/NASDAQ_Train_2016-05-01_2017-06-30_19,31,208
32,721,393959,423,298,0.5866851595006934,0.41331484049930656,0.7588977500385268,train,/home/mbisoffi/tests/TemporalGNNReview/code/data/datasets/graph/NASDAQ_Train_2016-05-01_2017-06-30_19,32,208
33,721,393542,530,191,0.7350901525658807,0.26490984743411927,0.7580944675604869,train,/home/mbisoffi/tests/TemporalGNNReview/code/data/datasets/graph/NASDAQ_Train_2016-05-01_2017-06-30_19,33,208
34,721,395349,508,213,0.7045769764216366,0.29542302357836336,0.7615753582986593,train,/home/mbisoffi/tests/TemporalGNNReview/code/data/datasets/graph/NASDAQ_Train_2016-05-01_2017-06-30_19,34,208
35,721,400073,202,519,0.2801664355062413,0.7198335644937587,0.7706753737093542,train,/home/mbisoffi/tests/TemporalGNNReview/code/data/datasets/graph/NASDAQ_Train_2016-05-01_2017-06-30_19,35,208
36,721,399191,542,179,0.7517337031900139,0.24826629680998613,0.7689763445831407,train,/home/mbisoffi/tests/TemporalGNNReview/code/data/datasets/graph/NASDAQ_Train_2016-05-01_2017-06-30_19,36,208
37,721,391945,378,343,0.5242718446601942,0.47572815533980584,0.7550181075666512,train,/home/mbisoffi/tests/TemporalGNNReview/code/data/datasets/graph/NASDAQ_Train_2016-05-01_2017-06-30_19,37,208
38,721,394746,301,420,0.4174757281553398,0.5825242718446602,0.76041377716135,train,/home/mbisoffi/tests/TemporalGNNReview/code/data/datasets/graph/NASDAQ_Train_2016-05-01_2017-06-30_19,38,208
39,721,391113,480,241,0.665742024965326,0.334257975034674,0.7534153952843273,train,/home/mbisoffi/tests/TemporalGNNReview/code/data/datasets/graph/NASDAQ_Train_2016-05-01_2017-06-30_19,39,208
40,721,389240,439,282,0.608876560332871,0.39112343966712904,0.7498073663122207,train,/home/mbisoffi/tests/TemporalGNNReview/code/data/datasets/graph/NASDAQ_Train_2016-05-01_2017-06-30_19,40,208
41,721,395192,346,375,0.4798890429958391,0.5201109570041609,0.7612729234088458,train,/home/mbisoffi/tests/TemporalGNNReview/code/data/datasets/graph/NASDAQ_Train_2016-05-01_2017-06-30_19,41,208
42,721,392212,57,664,0.07905686546463246,0.9209431345353676,0.7555324395130221,train,/home/mbisoffi/tests/TemporalGNNReview/code/data/datasets/graph/NASDAQ_Train_2016-05-01_2017-06-30_19,42,208
43,721,388924,572,149,0.7933425797503467,0.20665742024965328,0.749198643858838,train,/home/mbisoffi/tests/TemporalGNNReview/code/data/datasets/graph/NASDAQ_Train_2016-05-01_2017-06-30_19,43,208
44,721,391330,250,471,0.34674063800277394,0.653259361997226,0.7538334103868084,train,/home/mbisoffi/tests/TemporalGNNReview/code/data/datasets/graph/NASDAQ_Train_2016-05-01_2017-06-30_19,44,208
45,721,398473,369,352,0.5117891816920943,0.4882108183079057,0.7675932347048852,train,/home/mbisoffi/tests/TemporalGNNReview/code/data/datasets/graph/NASDAQ_Train_2016-05-01_2017-06-30_19,45,208
46,721,395003,214,507,0.29680998613037446,0.7031900138696255,0.7609088457389428,train,/home/mbisoffi/tests/TemporalGNNReview/code/data/datasets/graph/NASDAQ_Train_2016-05-01_2017-06-30_19,46,208
47,721,399700,211,510,0.2926490984743412,0.7073509015256588,0.7699568500539374,train,/home/mbisoffi/tests/TemporalGNNReview/code/data/datasets/graph/NASDAQ_Train_2016-05-01_2017-06-30_19,47,208
48,721,391893,536,185,0.7434119278779473,0.2565880721220527,0.754917938049006,train,/home/mbisoffi/tests/TemporalGNNReview/code/data/datasets/graph/NASDAQ_Train_2016-05-01_2017-06-30_19,48,208
49,721,397617,337,384,0.46740638002773927,0.5325936199722607,0.7659442903374942,train,/home/mbisoffi/tests/TemporalGNNReview/code/data/datasets/graph/NASDAQ_Train_2016-05-01_2017-06-30_19,49,208
50,721,393776,265,456,0.36754507628294036,0.6324549237170596,0.7585452303898906,train,/home/mbisoffi/tests/TemporalGNNReview/code/data/datasets/graph/NASDAQ_Train_2016-05-01_2017-06-30_19,50,208
51,721,394753,273,448,0.3786407766990291,0.6213592233009708,0.7604272615194946,train,/home/mbisoffi/tests/TemporalGNNReview/code/data/datasets/graph/NASDAQ_Train_2016-05-01_2017-06-30_19,51,208
52,721,397106,552,169,0.7656033287101248,0.23439667128987518,0.7649599321929419,train,/home/mbisoffi/tests/TemporalGNNReview/code/data/datasets/graph/NASDAQ_Train_2016-05-01_2017-06-30_19,52,208
53,721,394167,603,118,0.8363384188626907,0.16366158113730933,0.7592984281091077,train,/home/mbisoffi/tests/TemporalGNNReview/code/data/datasets/graph/NASDAQ_Train_2016-05-01_2017-06-30_19,53,208
54,721,390250,226,495,0.31345353675450766,0.6865464632454923,0.7517529665587918,train,/home/mbisoffi/tests/TemporalGNNReview/code/data/datasets/graph/NASDAQ_Train_2016-05-01_2017-06-30_19,54,208
55,721,394287,337,384,0.46740638002773927,0.5325936199722607,0.7595295885344429,train,/home/mbisoffi/tests/TemporalGNNReview/code/data/datasets/graph/NASDAQ_Train_2016-05-01_2017-06-30_19,55,208
56,721,389441,161,560,0.22330097087378642,0.7766990291262136,0.7501945600246571,train,/home/mbisoffi/tests/TemporalGNNReview/code/data/datasets/graph/NASDAQ_Train_2016-05-01_2017-06-30_19,56,208
57,721,392783,415,306,0.5755894590846047,0.4244105409153953,0.756632377870242,train,/home/mbisoffi/tests/TemporalGNNReview/code/data/datasets/graph/NASDAQ_Train_2016-05-01_2017-06-30_19,57,208
58,721,395501,610,111,0.8460471567267683,0.15395284327323167,0.7618681615040839,train,/home/mbisoffi/tests/TemporalGNNReview/code/data/datasets/graph/NASDAQ_Train_2016-05-01_2017-06-30_19,58,208
59,721,396167,586,135,0.812760055478502,0.18723994452149795,0.7631511018646941,train,/home/mbisoffi/tests/TemporalGNNReview/code/data/datasets/graph/NASDAQ_Train_2016-05-01_2017-06-30_19,59,208
60,721,394103,523,198,0.7253814147018031,0.27461858529819694,0.7591751425489289,train,/home/mbisoffi/tests/TemporalGNNReview/code/data/datasets/graph/NASDAQ_Train_2016-05-01_2017-06-30_19,60,208
61,721,391387,301,420,0.4174757281553398,0.5825242718446602,0.7539432115888427,train,/home/mbisoffi/tests/TemporalGNNReview/code/data/datasets/graph/NASDAQ_Train_2016-05-01_2017-06-30_19,61,208
62,721,395865,629,92,0.8723994452149791,0.12760055478502086,0.7625693481276006,train,/home/mbisoffi/tests/TemporalGNNReview/code/data/datasets/graph/NASDAQ_Train_2016-05-01_2017-06-30_19,62,208
63,721,392151,635,86,0.8807212205270458,0.11927877947295418,0.7554149329634766,train,/home/mbisoffi/tests/TemporalGNNReview/code/data/datasets/graph/NASDAQ_Train_2016-05-01_2017-06-30_19,63,208
64,721,393574,209,512,0.289875173370319,0.710124826629681,0.7581561103405764,train,/home/mbisoffi/tests/TemporalGNNReview/code/data/datasets/graph/NASDAQ_Train_2016-05-01_2017-06-30_19,64,208
65,721,400047,257,464,0.3564493758668516,0.6435506241331483,0.7706252889505316,train,/home/mbisoffi/tests/TemporalGNNReview/code/data/datasets/graph/NASDAQ_Train_2016-05-01_2017-06-30_19,65,208
66,721,394389,274,447,0.3800277392510402,0.6199722607489597,0.7597260748959778,train,/home/mbisoffi/tests/TemporalGNNReview/code/data/datasets/graph/NASDAQ_Train_2016-05-01_2017-06-30_19,66,208
67,721,394753,45,676,0.06241331484049931,0.9375866851595007,0.7604272615194946,train,/home/mbisoffi/tests/TemporalGNNReview/code/data/datasets/graph/NASDAQ_Train_2016-05-01_2017-06-30_19,67,208
68,721,400474,177,544,0.24549237170596394,0.7545076282940361,0.7714478347973494,train,/home/mbisoffi/tests/TemporalGNNReview/code/data/datasets/graph/NASDAQ_Train_2016-05-01_2017-06-30_19,68,208
69,721,393476,568,153,0.7877947295423023,0.21220527045769766,0.7579673293265526,train,/home/mbisoffi/tests/TemporalGNNReview/code/data/datasets/graph/NASDAQ_Train_2016-05-01_2017-06-30_19,69,208
70,721,394753,595,126,0.8252427184466019,0.1747572815533981,0.7604272615194946,train,/home/mbisoffi/tests/TemporalGNNReview/code/data/datasets/graph/NASDAQ_Train_2016-05-01_2017-06-30_19,70,208
71,721,394558,670,51,0.9292649098474342,0.07073509015256585,0.7600516258283249,train,/home/mbisoffi/tests/TemporalGNNReview/code/data/datasets/graph/NASDAQ_Train_2016-05-01_2017-06-30_19,71,208
72,721,393943,515,206,0.7142857142857143,0.2857142857142857,0.758866928648482,train,/home/mbisoffi/tests/TemporalGNNReview/code/data/datasets/graph/NASDAQ_Train_2016-05-01_2017-06-30_19,72,208
73,721,395854,302,419,0.4188626907073509,0.5811373092926491,0.7625481584219448,train,/home/mbisoffi/tests/TemporalGNNReview/code/data/datasets/graph/NASDAQ_Train_2016-05-01_2017-06-30_19,73,208
74,721,391662,384,337,0.5325936199722607,0.46740638002773927,0.7544729542302357,train,/home/mbisoffi/tests/TemporalGNNReview/code/data/datasets/graph/NASDAQ_Train_2016-05-01_2017-06-30_19,74,208
75,721,396504,123,598,0.17059639389736478,0.8294036061026352,0.7638002773925104,train,/home/mbisoffi/tests/TemporalGNNReview/code/data/datasets/graph/NASDAQ_Train_2016-05-01_2017-06-30_19,75,208
76,721,391294,422,299,0.5852981969486823,0.41470180305131765,0.7537640622592079,train,/home/mbisoffi/tests/TemporalGNNReview/code/data/datasets/graph/NASDAQ_Train_2016-05-01_2017-06-30_19,76,208
77,721,388696,295,426,0.4091539528432732,0.5908460471567267,0.7487594390507012,train,/home/mbisoffi/tests/TemporalGNNReview/code/data/datasets/graph/NASDAQ_Train_2016-05-01_2017-06-30_19,77,208
78,721,393356,186,535,0.2579750346740638,0.7420249653259362,0.7577361689012174,train,/home/mbisoffi/tests/TemporalGNNReview/code/data/datasets/graph/NASDAQ_Train_2016-05-01_2017-06-30_19,78,208
79,721,390717,209,512,0.289875173370319,0.710124826629681,0.7526525658807213,train,/home/mbisoffi/tests/TemporalGNNReview/code/data/datasets/graph/NASDAQ_Train_2016-05-01_2017-06-30_19,79,208
80,721,395146,562,159,0.7794729542302358,0.22052704576976423,0.7611843119124673,train,/home/mbisoffi/tests/TemporalGNNReview/code/data/datasets/graph/NASDAQ_Train_2016-05-01_2017-06-30_19,80,208
81,721,392883,387,334,0.536754507628294,0.463245492371706,0.7568250115580213,train,/home/mbisoffi/tests/TemporalGNNReview/code/data/datasets/graph/NASDAQ_Train_2016-05-01_2017-06-30_19,81,208
82,721,397505,335,386,0.4646324549237171,0.5353675450762829,0.7657285406071814,train,/home/mbisoffi/tests/TemporalGNNReview/code/data/datasets/graph/NASDAQ_Train_2016-05-01_2017-06-30_19,82,208
83,721,394289,91,630,0.1262135922330097,0.8737864077669903,0.7595334412081984,train,/home/mbisoffi/tests/TemporalGNNReview/code/data/datasets/graph/NASDAQ_Train_2016-05-01_2017-06-30_19,83,208
84,721,392812,442,279,0.6130374479889042,0.38696255201109575,0.756688241639698,train,/home/mbisoffi/tests/TemporalGNNReview/code/data/datasets/graph/NASDAQ_Train_2016-05-01_2017-06-30_19,84,208
85,721,395178,460,261,0.6380027739251041,0.36199722607489593,0.7612459546925566,train,/home/mbisoffi/tests/TemporalGNNReview/code/data/datasets/graph/NASDAQ_Train_2016-05-01_2017-06-30_19,85,208
86,721,391086,473,248,0.6560332871012483,0.3439667128987517,0.7533633841886269,train,/home/mbisoffi/tests/TemporalGNNReview/code/data/datasets/graph/NASDAQ_Train_2016-05-01_2017-06-30_19,86,208
87,721,388834,405,316,0.5617198335644937,0.43828016643550627,0.7490252735398366,train,/home/mbisoffi/tests/TemporalGNNReview/code/data/datasets/graph/NASDAQ_Train_2016-05-01_2017-06-30_19,87,208
88,721,397538,508,213,0.7045769764216366,0.29542302357836336,0.7657921097241486,train,/home/mbisoffi/tests/TemporalGNNReview/code/data/datasets/graph/NASDAQ_Train_2016-05-01_2017-06-30_19,88,208
89,721,395072,648,73,0.8987517337031901,0.10124826629680994,0.7610417629835106,train,/home/mbisoffi/tests/TemporalGNNReview/code/data/datasets/graph/NASDAQ_Train_2016-05-01_2017-06-30_19,89,208
90,721,399676,529,192,0.7337031900138696,0.26629680998613037,0.7699106179688704,train,/home/mbisoffi/tests/TemporalGNNReview/code/data/datasets/graph/NASDAQ_Train_2016-05-01_2017-06-30_19,90,208
91,721,397628,487,234,0.6754507628294036,0.32454923717059636,0.7659654800431499,train,/home/mbisoffi/tests/TemporalGNNReview/code/data/datasets/graph/NASDAQ_Train_2016-05-01_2017-06-30_19,91,208
92,721,391594,446,275,0.6185852981969486,0.38141470180305137,0.7543419633225459,train,/home/mbisoffi/tests/TemporalGNNReview/code/data/datasets/graph/NASDAQ_Train_2016-05-01_2017-06-30_19,92,208
93,721,395067,370,351,0.5131761442441054,0.4868238557558946,0.7610321312991216,train,/home/mbisoffi/tests/TemporalGNNReview/code/data/datasets/graph/NASDAQ_Train_2016-05-01_2017-06-30_19,93,208
94,721,393667,492,229,0.6823855755894591,0.3176144244105409,0.7583352596702111,train,/home/mbisoffi/tests/TemporalGNNReview/code/data/datasets/graph/NASDAQ_Train_2016-05-01_2017-06-30_19,94,208
95,721,391784,233,488,0.3231622746185853,0.6768377253814146,0.7547079673293265,train,/home/mbisoffi/tests/TemporalGNNReview/code/data/datasets/graph/NASDAQ_Train_2016-05-01_2017-06-30_19,95,208
96,721,396844,155,566,0.21497919556171982,0.7850208044382802,0.7644552319309601,train,/home/mbisoffi/tests/TemporalGNNReview/code/data/datasets/graph/NASDAQ_Train_2016-05-01_2017-06-30_19,96,208
97,721,393999,111,610,0.1539528432732316,0.8460471567267684,0.7589748035136384,train,/home/mbisoffi/tests/TemporalGNNReview/code/data/datasets/graph/NASDAQ_Train_2016-05-01_2017-06-30_19,97,208
98,721,395437,234,487,0.3245492371705964,0.6754507628294035,0.761744875943905,train,/home/mbisoffi/tests/TemporalGNNReview/code/data/datasets/graph/NASDAQ_Train_2016-05-01_2017-06-30_19,98,208
99,721,394982,641,80,0.8890429958391124,0.1109570041608876,0.7608683926645091,train,/home/mbisoffi/tests/TemporalGNNReview/code/data/datasets/graph/NASDAQ_Train_2016-05-01_2017-06-30_19,99,208
100,721,399942,446,275,0.6185852981969486,0.38141470180305137,0.7704230235783633,train,/home/mbisoffi/tests/TemporalGNNReview/code/data/datasets/graph/NASDAQ_Train_2016-05-01_2017-06-30_19,100,208
101,721,397849,136,585,0.18862690707350901,0.811373092926491,0.7663912004931422,train,/home/mbisoffi/tests/TemporalGNNReview/code/data/datasets/graph/NASDAQ_Train_2016-05-01_2017-06-30_19,101,208
102,721,395188,527,194,0.7309292649098474,0.26907073509015256,0.7612652180613345,train,/home/mbisoffi/tests/TemporalGNNReview/code/data/datasets/graph/NASDAQ_Train_2016-05-01_2017-06-30_19,102,208
103,721,393172,564,157,0.782246879334258,0.21775312066574204,0.7573817229157035,train,/home/mbisoffi/tests/TemporalGNNReview/code/data/datasets/graph/NASDAQ_Train_2016-05-01_2017-06-30_19,103,208
104,721,388319,618,103,0.8571428571428571,0.1428571428571429,0.7480332100477731,train,/home/mbisoffi/tests/TemporalGNNReview/code/data/datasets/graph/NASDAQ_Train_2016-05-01_2017-06-30_19,104,208
105,721,390713,204,517,0.2829403606102635,0.7170596393897365,0.75264486053321,train,/home/mbisoffi/tests/TemporalGNNReview/code/data/datasets/graph/NASDAQ_Train_2016-05-01_2017-06-30_19,105,208
106,721,391527,231,490,0.32038834951456313,0.6796116504854368,0.7542128987517337,train,/home/mbisoffi/tests/TemporalGNNReview/code/data/datasets/graph/NASDAQ_Train_2016-05-01_2017-06-30_19,106,208
107,721,392411,415,306,0.5755894590846047,0.4244105409153953,0.7559157805517028,train,/home/mbisoffi/tests/TemporalGNNReview/code/data/datasets/graph/NASDAQ_Train_2016-05-01_2017-06-30_19,107,208
108,721,392312,246,475,0.34119278779472956,0.6588072122052704,0.7557250732008014,train,/home/mbisoffi/tests/TemporalGNNReview/code/data/datasets/graph/NASDAQ_Train_2016-05-01_2017-06-30_19,108,208
109,721,391124,430,291,0.5963938973647711,0.4036061026352289,0.753436584989983,train,/home/mbisoffi/tests/TemporalGNNReview/code/data/datasets/graph/NASDAQ_Train_2016-05-01_2017-06-30_19,109,208
110,721,393215,288,433,0.39944521497919555,0.6005547850208044,0.7574645554014486,train,/home/mbisoffi/tests/TemporalGNNReview/code/data/datasets/graph/NASDAQ_Train_2016-05-01_2017-06-30_19,110,208
111,721,394888,490,231,0.6796116504854369,0.3203883495145631,0.7606873169979966,train,/home/mbisoffi/tests/TemporalGNNReview/code/data/datasets/graph/NASDAQ_Train_2016-05-01_2017-06-30_19,111,208
112,721,391696,646,75,0.8959778085991679,0.10402219140083213,0.7545384496840808,train,/home/mbisoffi/tests/TemporalGNNReview/code/data/datasets/graph/NASDAQ_Train_2016-05-01_2017-06-30_19,112,208
113,721,394127,319,402,0.44244105409153955,0.5575589459084604,0.759221374633996,train,/home/mbisoffi/tests/TemporalGNNReview/code/data/datasets/graph/NASDAQ_Train_2016-05-01_2017-06-30_19,113,208
114,721,396265,499,222,0.6920943134535368,0.3079056865464632,0.7633398828787178,train,/home/mbisoffi/tests/TemporalGNNReview/code/data/datasets/graph/NASDAQ_Train_2016-05-01_2017-06-30_19,114,208
115,721,396209,171,550,0.23717059639389737,0.7628294036061026,0.7632320080135614,train,/home/mbisoffi/tests/TemporalGNNReview/code/data/datasets/graph/NASDAQ_Train_2016-05-01_2017-06-30_19,115,208
116,721,396563,242,479,0.3356449375866852,0.6643550624133148,0.7639139312683002,train,/home/mbisoffi/tests/TemporalGNNReview/code/data/datasets/graph/NASDAQ_Train_2016-05-01_2017-06-30_19,116,208
117,721,395654,455,266,0.6310679611650486,0.3689320388349514,0.7621628910463862,train,/home/mbisoffi/tests/TemporalGNNReview/code/data/datasets/graph/NASDAQ_Train_2016-05-01_2017-06-30_19,117,208
118,721,391677,201,520,0.2787794729542302,0.7212205270457698,0.7545018492834027,train,/home/mbisoffi/tests/TemporalGNNReview/code/data/datasets/graph/NASDAQ_Train_2016-05-01_2017-06-30_19,118,208
119,721,395185,381,340,0.5284327323162274,0.47156726768377255,0.7612594390507011,train,/home/mbisoffi/tests/TemporalGNNReview/code/data/datasets/graph/NASDAQ_Train_2016-05-01_2017-06-30_19,119,208
120,721,394503,48,673,0.06657420249653259,0.9334257975034674,0.7599456773000463,train,/home/mbisoffi/tests/TemporalGNNReview/code/data/datasets/graph/NASDAQ_Train_2016-05-01_2017-06-30_19,120,208
121,721,391894,132,589,0.18307905686546463,0.8169209431345353,0.7549198643858838,train,/home/mbisoffi/tests/TemporalGNNReview/code/data/datasets/graph/NASDAQ_Train_2016-05-01_2017-06-30_19,121,208
122,721,392636,81,640,0.11234396671289876,0.8876560332871013,0.7563492063492063,train,/home/mbisoffi/tests/TemporalGNNReview/code/data/datasets/graph/NASDAQ_Train_2016-05-01_2017-06-30_19,122,208
123,721,391532,375,346,0.5201109570041609,0.4798890429958391,0.7542225304361226,train,/home/mbisoffi/tests/TemporalGNNReview/code/data/datasets/graph/NASDAQ_Train_2016-05-01_2017-06-30_19,123,208
124,721,391342,504,217,0.6990291262135923,0.30097087378640774,0.753856526429342,train,/home/mbisoffi/tests/TemporalGNNReview/code/data/datasets/graph/NASDAQ_Train_2016-05-01_2017-06-30_19,124,208
125,721,392111,557,164,0.7725381414701803,0.2274618585298197,0.755337879488365,train,/home/mbisoffi/tests/TemporalGNNReview/code/data/datasets/graph/NASDAQ_Train_2016-05-01_2017-06-30_19,125,208
126,721,392630,414,307,0.5742024965325936,0.4257975034674064,0.7563376483279396,train,/home/mbisoffi/tests/TemporalGNNReview/code/data/datasets/graph/NASDAQ_Train_2016-05-01_2017-06-30_19,126,208
127,721,396220,578,143,0.8016643550624133,0.1983356449375867,0.7632531977192172,train,/home/mbisoffi/tests/TemporalGNNReview/code/data/datasets/graph/NASDAQ_Train_2016-05-01_2017-06-30_19,127,208
128,721,393071,534,187,0.7406380027739251,0.2593619972260749,0.7571871628910464,train,/home/mbisoffi/tests/TemporalGNNReview/code/data/datasets/graph/NASDAQ_Train_2016-05-01_2017-06-30_19,128,208
129,721,391387,95,626,0.1317614424410541,0.868238557558946,0.7539432115888427,train,/home/mbisoffi/tests/TemporalGNNReview/code/data/datasets/graph/NASDAQ_Train_2016-05-01_2017-06-30_19,129,208
130,721,392568,218,503,0.30235783633841884,0.6976421636615812,0.7562182154415165,train,/home/mbisoffi/tests/TemporalGNNReview/code/data/datasets/graph/NASDAQ_Train_2016-05-01_2017-06-30_19,130,208
131,721,392992,315,406,0.4368932038834951,0.5631067961165048,0.7570349822777007,train,/home/mbisoffi/tests/TemporalGNNReview/code/data/datasets/graph/NASDAQ_Train_2016-05-01_2017-06-30_19,131,208
132,721,391090,148,573,0.20527045769764216,0.7947295423023578,0.7533710895361381,train,/home/mbisoffi/tests/TemporalGNNReview/code/data/datasets/graph/NASDAQ_Train_2016-05-01_2017-06-30_19,132,208
133,721,392270,414,307,0.5742024965325936,0.4257975034674064,0.755644167051934,train,/home/mbisoffi/tests/TemporalGNNReview/code/data/datasets/graph/NASDAQ_Train_2016-05-01_2017-06-30_19,133,208
134,721,393736,348,373,0.4826629680998613,0.5173370319001387,0.7584681769147789,train,/home/mbisoffi/tests/TemporalGNNReview/code/data/datasets/graph/NASDAQ_Train_2016-05-01_2017-06-30_19,134,208
135,721,394671,290,431,0.40221914008321774,0.5977808599167822,0.7602693018955154,train,/home/mbisoffi/tests/TemporalGNNReview/code/data/datasets/graph/NASDAQ_Train_2016-05-01_2017-06-30_19,135,208
136,721,391015,358,363,0.49653259361997226,0.5034674063800277,0.7532266142703036,train,/home/mbisoffi/tests/TemporalGNNReview/code/data/datasets/graph/NASDAQ_Train_2016-05-01_2017-06-30_19,136,208
137,721,396571,443,278,0.6144244105409153,0.38557558945908466,0.7639293419633225,train,/home/mbisoffi/tests/TemporalGNNReview/code/data/datasets/graph/NASDAQ_Train_2016-05-01_2017-06-30_19,137,208
138,721,394291,273,448,0.3786407766990291,0.6213592233009708,0.7595372938819541,train,/home/mbisoffi/tests/TemporalGNNReview/code/data/datasets/graph/NASDAQ_Train_2016-05-01_2017-06-30_19,138,208
139,721,400314,326,395,0.4521497919556172,0.5478502080443828,0.7711396208969025,train,/home/mbisoffi/tests/TemporalGNNReview/code/data/datasets/graph/NASDAQ_Train_2016-05-01_2017-06-30_19,139,208
140,721,395981,424,297,0.5880721220527045,0.41192787794729546,0.7627928032054245,train,/home/mbisoffi/tests/TemporalGNNReview/code/data/datasets/graph/NASDAQ_Train_2016-05-01_2017-06-30_19,140,208
141,721,391199,232,489,0.3217753120665742,0.6782246879334257,0.7535810602558175,train,/home/mbisoffi/tests/TemporalGNNReview/code/data/datasets/graph/NASDAQ_Train_2016-05-01_2017-06-30_19,141,208
142,721,394639,119,602,0.1650485436893204,0.8349514563106796,0.7602076591154261,train,/home/mbisoffi/tests/TemporalGNNReview/code/data/datasets/graph/NASDAQ_Train_2016-05-01_2017-06-30_19,142,208
143,721,389479,232,489,0.3217753120665742,0.6782246879334257,0.7502677608260132,train,/home/mbisoffi/tests/TemporalGNNReview/code/data/datasets/graph/NASDAQ_Train_2016-05-01_2017-06-30_19,143,208
144,721,395954,498,223,0.6907073509015257,0.3092926490984743,0.7627407921097241,train,/home/mbisoffi/tests/TemporalGNNReview/code/data/datasets/graph/NASDAQ_Train_2016-05-01_2017-06-30_19,144,208
145,721,400651,408,313,0.565880721220527,0.434119278779473,0.7717887964247188,train,/home/mbisoffi/tests/TemporalGNNReview/code/data/datasets/graph/NASDAQ_Train_2016-05-01_2017-06-30_19,145,208
146,721,394822,329,392,0.4563106796116505,0.5436893203883495,0.7605601787640622,train,/home/mbisoffi/tests/TemporalGNNReview/code/data/datasets/graph/NASDAQ_Train_2016-05-01_2017-06-30_19,146,208
147,721,393371,416,305,0.5769764216366158,0.4230235783633842,0.7577650639543844,train,/home/mbisoffi/tests/TemporalGNNReview/code/data/datasets/graph/NASDAQ_Train_2016-05-01_2017-06-30_19,147,208
148,721,396578,389,332,0.5395284327323162,0.4604715672676838,0.7639428263214671,train,/home/mbisoffi/tests/TemporalGNNReview/code/data/datasets/graph/NASDAQ_Train_2016-05-01_2017-06-30_19,148,208
149,721,391548,490,231,0.6796116504854369,0.3203883495145631,0.7542533518261674,train,/home/mbisoffi/tests/TemporalGNNReview/code/data/datasets/graph/NASDAQ_Train_2016-05-01_2017-06-30_19,149,208
150,721,392372,564,157,0.782246879334258,0.21775312066574204,0.755840653413469,train,/home/mbisoffi/tests/TemporalGNNReview/code/data/datasets/graph/NASDAQ_Train_2016-05-01_2017-06-30_19,150,208
151,721,392897,420,301,0.5825242718446602,0.41747572815533984,0.7568519802743103,train,/home/mbisoffi/tests/TemporalGNNReview/code/data/datasets/graph/NASDAQ_Train_2016-05-01_2017-06-30_19,151,208
152,721,392100,155,566,0.21497919556171982,0.7850208044382802,0.7553166897827092,train,/home/mbisoffi/tests/TemporalGNNReview/code/data/datasets/graph/NASDAQ_Train_2016-05-01_2017-06-30_19,152,208
153,721,391194,491,230,0.680998613037448,0.319001386962552,0.7535714285714286,train,/home/mbisoffi/tests/TemporalGNNReview/code/data/datasets/graph/NASDAQ_Train_2016-05-01_2017-06-30_19,153,208
154,721,392538,214,507,0.29680998613037446,0.7031900138696255,0.7561604253351826,train,/home/mbisoffi/tests/TemporalGNNReview/code/data/datasets/graph/NASDAQ_Train_2016-05-01_2017-06-30_19,154,208
155,721,396533,326,395,0.4521497919556172,0.5478502080443828,0.7638561411619664,train,/home/mbisoffi/tests/TemporalGNNReview/code/data/datasets/graph/NASDAQ_Train_2016-05-01_2017-06-30_19,155,208
156,721,391798,231,490,0.32038834951456313,0.6796116504854368,0.7547349360456157,train,/home/mbisoffi/tests/TemporalGNNReview/code/data/datasets/graph/NASDAQ_Train_2016-05-01_2017-06-30_19,156,208
157,721,391630,622,99,0.8626907073509015,0.13730929264909852,0.7544113114501464,train,/home/mbisoffi/tests/TemporalGNNReview/code/data/datasets/graph/NASDAQ_Train_2016-05-01_2017-06-30_19,157,208
158,721,395477,458,263,0.6352288488210819,0.3647711511789181,0.7618219294190168,train,/home/mbisoffi/tests/TemporalGNNReview/code/data/datasets/graph/NASDAQ_Train_2016-05-01_2017-06-30_19,158,208
159,721,398114,562,159,0.7794729542302358,0.22052704576976423,0.7669016797657574,train,/home/mbisoffi/tests/TemporalGNNReview/code/data/datasets/graph/NASDAQ_Train_2016-05-01_2017-06-30_19,159,208
160,721,393423,66,655,0.09153952843273232,0.9084604715672677,0.7578652334720296,train,/home/mbisoffi/tests/TemporalGNNReview/code/data/datasets/graph/NASDAQ_Train_2016-05-01_2017-06-30_19,160,208
161,721,391918,496,225,0.6879334257975035,0.3120665742024965,0.7549660964709508,train,/home/mbisoffi/tests/TemporalGNNReview/code/data/datasets/graph/NASDAQ_Train_2016-05-01_2017-06-30_19,161,208
162,721,393776,383,338,0.5312066574202496,0.46879334257975036,0.7585452303898906,train,/home/mbisoffi/tests/TemporalGNNReview/code/data/datasets/graph/NASDAQ_Train_2016-05-01_2017-06-30_19,162,208
163,721,392200,252,469,0.34951456310679613,0.6504854368932038,0.7555093234704885,train,/home/mbisoffi/tests/TemporalGNNReview/code/data/datasets/graph/NASDAQ_Train_2016-05-01_2017-06-30_19,163,208
164,721,390521,242,479,0.3356449375866852,0.6643550624133148,0.7522750038526738,train,/home/mbisoffi/tests/TemporalGNNReview/code/data/datasets/graph/NASDAQ_Train_2016-05-01_2017-06-30_19,164,208
165,721,393506,355,366,0.492371705963939,0.507628294036061,0.7580251194328864,train,/home/mbisoffi/tests/TemporalGNNReview/code/data/datasets/graph/NASDAQ_Train_2016-05-01_2017-06-30_19,165,208
166,721,391486,534,187,0.7406380027739251,0.2593619972260749,0.7541339189397441,train,/home/mbisoffi/tests/TemporalGNNReview/code/data/datasets/graph/NASDAQ_Train_2016-05-01_2017-06-30_19,166,208
167,721,391896,325,396,0.4507628294036061,0.5492371705963939,0.7549237170596393,train,/home/mbisoffi/tests/TemporalGNNReview/code/data/datasets/graph/NASDAQ_Train_2016-05-01_2017-06-30_19,167,208
168,721,391530,436,285,0.6047156726768377,0.3952843273231623,0.7542186777623671,train,/home/mbisoffi/tests/TemporalGNNReview/code/data/datasets/graph/NASDAQ_Train_2016-05-01_2017-06-30_19,168,208
169,721,392260,523,198,0.7253814147018031,0.27461858529819694,0.7556249036831562,train,/home/mbisoffi/tests/TemporalGNNReview/code/data/datasets/graph/NASDAQ_Train_2016-05-01_2017-06-30_19,169,208
170,721,392255,217,504,0.30097087378640774,0.6990291262135923,0.7556152719987671,train,/home/mbisoffi/tests/TemporalGNNReview/code/data/datasets/graph/NASDAQ_Train_2016-05-01_2017-06-30_19,170,208
171,721,393310,341,380,0.47295423023578365,0.5270457697642164,0.7576475574048389,train,/home/mbisoffi/tests/TemporalGNNReview/code/data/datasets/graph/NASDAQ_Train_2016-05-01_2017-06-30_19,171,208
172,721,390875,435,286,0.6033287101248266,0.3966712898751734,0.7529569271074126,train,/home/mbisoffi/tests/TemporalGNNReview/code/data/datasets/graph/NASDAQ_Train_2016-05-01_2017-06-30_19,172,208
173,721,392452,372,349,0.5159500693481276,0.4840499306518724,0.7559947603636924,train,/home/mbisoffi/tests/TemporalGNNReview/code/data/datasets/graph/NASDAQ_Train_2016-05-01_2017-06-30_19,173,208
174,721,394322,337,384,0.46740638002773927,0.5325936199722607,0.7595970103251657,train,/home/mbisoffi/tests/TemporalGNNReview/code/data/datasets/graph/NASDAQ_Train_2016-05-01_2017-06-30_19,174,208
175,721,394007,632,89,0.8765603328710125,0.12343966712898746,0.7589902142086609,train,/home/mbisoffi/tests/TemporalGNNReview/code/data/datasets/graph/NASDAQ_Train_2016-05-01_2017-06-30_19,175,208
176,721,395865,188,533,0.260748959778086,0.739251040221914,0.7625693481276006,train,/home/mbisoffi/tests/TemporalGNNReview/code/data/datasets/graph/NASDAQ_Train_2016-05-01_2017-06-30_19,176,208
177,721,397265,230,491,0.31900138696255204,0.6809986130374479,0.765266219756511,train,/home/mbisoffi/tests/TemporalGNNReview/code/data/datasets/graph/NASDAQ_Train_2016-05-01_2017-06-30_19,177,208
178,721,394284,322,399,0.44660194174757284,0.5533980582524272,0.7595238095238095,train,/home/mbisoffi/tests/TemporalGNNReview/code/data/datasets/graph/NASDAQ_Train_2016-05-01_2017-06-30_19,178,208
179,721,393707,340,381,0.47156726768377255,0.5284327323162274,0.7584123131453229,train,/home/mbisoffi/tests/TemporalGNNReview/code/data/datasets/graph/NASDAQ_Train_2016-05-01_2017-06-30_19,179,208
180,721,392913,110,611,0.15256588072122051,0.8474341192787795,0.7568828016643551,train,/home/mbisoffi/tests/TemporalGNNReview/code/data/datasets/graph/NASDAQ_Train_2016-05-01_2017-06-30_19,180,208
181,721,398065,611,110,0.8474341192787794,0.15256588072122057,0.7668072892587455,train,/home/mbisoffi/tests/TemporalGNNReview/code/data/datasets/graph/NASDAQ_Train_2016-05-01_2017-06-30_19,181,208
182,721,392623,343,378,0.47572815533980584,0.5242718446601942,0.7563241639697951,train,/home/mbisoffi/tests/TemporalGNNReview/code/data/datasets/graph/NASDAQ_Train_2016-05-01_2017-06-30_19,182,208
183,721,389619,144,577,0.19972260748959778,0.8002773925104022,0.7505374479889043,train,/home/mbisoffi/tests/TemporalGNNReview/code/data/datasets/graph/NASDAQ_Train_2016-05-01_2017-06-30_19,183,208
184,721,395330,517,204,0.7170596393897365,0.2829403606102635,0.7615387578979812,train,/home/mbisoffi/tests/TemporalGNNReview/code/data/datasets/graph/NASDAQ_Train_2016-05-01_2017-06-30_19,184,208
185,721,391745,475,246,0.6588072122052705,0.3411927877947295,0.7546328401910927,train,/home/mbisoffi/tests/TemporalGNNReview/code/data/datasets/graph/NASDAQ_Train_2016-05-01_2017-06-30_19,185,208
186,721,395762,454,267,0.6296809986130375,0.3703190013869625,0.7623709354291879,train,/home/mbisoffi/tests/TemporalGNNReview/code/data/datasets/graph/NASDAQ_Train_2016-05-01_2017-06-30_19,186,208
187,721,392101,383,338,0.5312066574202496,0.46879334257975036,0.755318616119587,train,/home/mbisoffi/tests/TemporalGNNReview/code/data/datasets/graph/NASDAQ_Train_2016-05-01_2017-06-30_19,187,208
188,721,396893,561,160,0.7780859916782247,0.22191400832177532,0.764549622437972,train,/home/mbisoffi/tests/TemporalGNNReview/code/data/datasets/graph/NASDAQ_Train_2016-05-01_2017-06-30_19,188,208
189,721,390001,517,204,0.7170596393897365,0.2829403606102635,0.7512733086762213,train,/home/mbisoffi/tests/TemporalGNNReview/code/data/datasets/graph/NASDAQ_Train_2016-05-01_2017-06-30_19,189,208
190,721,393805,488,233,0.6768377253814147,0.32316227461858527,0.7586010941593466,train,/home/mbisoffi/tests/TemporalGNNReview/code/data/datasets/graph/NASDAQ_Train_2016-05-01_2017-06-30_19,190,208
191,721,392436,256,465,0.3550624133148405,0.6449375866851594,0.7559639389736477,train,/home/mbisoffi/tests/TemporalGNNReview/code/data/datasets/graph/NASDAQ_Train_2016-05-01_2017-06-30_19,191,208
192,721,398665,135,586,0.18723994452149792,0.812760055478502,0.7679630913854215,train,/home/mbisoffi/tests/TemporalGNNReview/code/data/datasets/graph/NASDAQ_Train_2016-05-01_2017-06-30_19,192,208
193,721,394100,326,395,0.4521497919556172,0.5478502080443828,0.7591693635382956,train,/home/mbisoffi/tests/TemporalGNNReview/code/data/datasets/graph/NASDAQ_Train_2016-05-01_2017-06-30_19,193,208
194,721,389725,398,323,0.5520110957004161,0.44798890429958393,0.7507416396979504,train,/home/mbisoffi/tests/TemporalGNNReview/code/data/datasets/graph/NASDAQ_Train_2016-05-01_2017-06-30_19,194,208
195,721,399916,457,264,0.6338418862690708,0.3661581137309292,0.7703729388195407,train,/home/mbisoffi/tests/TemporalGNNReview/code/data/datasets/graph/NASDAQ_Train_2016-05-01_2017-06-30_19,195,208
196,721,392645,511,210,0.7087378640776699,0.2912621359223301,0.7563665433811065,train,/home/mbisoffi/tests/TemporalGNNReview/code/data/datasets/graph/NASDAQ_Train_2016-05-01_2017-06-30_19,196,208
197,721,395533,364,357,0.5048543689320388,0.49514563106796117,0.7619298042841732,train,/home/mbisoffi/tests/TemporalGNNReview/code/data/datasets/graph/NASDAQ_Train_2016-05-01_2017-06-30_19,197,208
198,721,391476,303,418,0.420249653259362,0.579750346740638,0.7541146555709662,train,/home/mbisoffi/tests/TemporalGNNReview/code/data/datasets/graph/NASDAQ_Train_2016-05-01_2017-06-30_19,198,208
199,721,396840,531,190,0.7364771151178918,0.2635228848821082,0.7644475265834489,train,/home/mbisoffi/tests/TemporalGNNReview/code/data/datasets/graph/NASDAQ_Train_2016-05-01_2017-06-30_19,199,208
200,721,392965,496,225,0.6879334257975035,0.3120665742024965,0.7569829711820003,train,/home/mbisoffi/tests/TemporalGNNReview/code/data/datasets/graph/NASDAQ_Train_2016-05-01_2017-06-30_19,200,208
201,721,392607,262,459,0.3633841886269071,0.6366158113730929,0.7562933425797503,train,/home/mbisoffi/tests/TemporalGNNReview/code/data/datasets/graph/NASDAQ_Train_2016-05-01_2017-06-30_19,201,208
202,721,398266,440,281,0.6102635228848821,0.38973647711511794,0.767194482971182,train,/home/mbisoffi/tests/TemporalGNNReview/code/data/datasets/graph/NASDAQ_Train_2016-05-01_2017-06-30_19,202,208
203,721,394881,403,318,0.5589459084604715,0.44105409153952846,0.7606738326398521,train,/home/mbisoffi/tests/TemporalGNNReview/code/data/datasets/graph/NASDAQ_Train_2016-05-01_2017-06-30_19,203,208
204,721,389220,406,315,0.5631067961165048,0.4368932038834952,0.7497688395746648,train,/home/mbisoffi/tests/TemporalGNNReview/code/data/datasets/graph/NASDAQ_Train_2016-05-01_2017-06-30_19,204,208
205,721,394366,611,110,0.8474341192787794,0.15256588072122057,0.7596817691477885,train,/home/mbisoffi/tests/TemporalGNNReview/code/data/datasets/graph/NASDAQ_Train_2016-05-01_2017-06-30_19,205,208
206,721,392874,284,437,0.39389736477115117,0.6061026352288488,0.7568076745261211,train,/home/mbisoffi/tests/TemporalGNNReview/code/data/datasets/graph/NASDAQ_Train_2016-05-01_2017-06-30_19,206,208
207,721,393566,432,289,0.5991678224687933,0.4008321775312067,0.758140699645554,train,/home/mbisoffi/tests/TemporalGNNReview/code/data/datasets/graph/NASDAQ_Train_2016-05-01_2017-06-30_19,207,208
0,721,387370,565,156,0.7836338418862691,0.21636615811373094,0.7462051163507474,validation,/home/mbisoffi/tests/TemporalGNNReview/code/data/datasets/graph/NASDAQ_Validation_2017-07-01_2017-12-31_19,0,78
1,721,390800,606,115,0.840499306518724,0.15950069348127605,0.7528124518415781,validation,/home/mbisoffi/tests/TemporalGNNReview/code/data/datasets/graph/NASDAQ_Validation_2017-07-01_2017-12-31_19,1,78
2,721,392527,433,288,0.6005547850208044,0.3994452149791956,0.7561392356295269,validation,/home/mbisoffi/tests/TemporalGNNReview/code/data/datasets/graph/NASDAQ_Validation_2017-07-01_2017-12-31_19,2,78
3,721,388768,197,524,0.27323162274618584,0.7267683772538142,0.7488981353059023,validation,/home/mbisoffi/tests/TemporalGNNReview/code/data/datasets/graph/NASDAQ_Validation_2017-07-01_2017-12-31_19,3,78
4,721,392161,332,389,0.4604715672676838,0.5395284327323162,0.7554341963322546,validation,/home/mbisoffi/tests/TemporalGNNReview/code/data/datasets/graph/NASDAQ_Validation_2017-07-01_2017-12-31_19,4,78
5,721,391782,426,295,0.5908460471567267,0.40915395284327327,0.754704114655571,validation,/home/mbisoffi/tests/TemporalGNNReview/code/data/datasets/graph/NASDAQ_Validation_2017-07-01_2017-12-31_19,5,78
6,721,388656,90,631,0.12482662968099861,0.8751733703190014,0.7486823855755894,validation,/home/mbisoffi/tests/TemporalGNNReview/code/data/datasets/graph/NASDAQ_Validation_2017-07-01_2017-12-31_19,6,78
7,721,392568,315,406,0.4368932038834951,0.5631067961165048,0.7562182154415165,validation,/home/mbisoffi/tests/TemporalGNNReview/code/data/datasets/graph/NASDAQ_Validation_2017-07-01_2017-12-31_19,7,78
8,721,390664,455,266,0.6310679611650486,0.3689320388349514,0.7525504700261981,validation,/home/mbisoffi/tests/TemporalGNNReview/code/data/datasets/graph/NASDAQ_Validation_2017-07-01_2017-12-31_19,8,78
9,721,387328,519,202,0.7198335644937587,0.2801664355062413,0.7461242102018801,validation,/home/mbisoffi/tests/TemporalGNNReview/code/data/datasets/graph/NASDAQ_Validation_2017-07-01_2017-12-31_19,9,78
10,721,390486,291,430,0.40360610263522884,0.5963938973647711,0.752207582061951,validation,/home/mbisoffi/tests/TemporalGNNReview/code/data/datasets/graph/NASDAQ_Validation_2017-07-01_2017-12-31_19,10,78
11,721,387092,232,489,0.3217753120665742,0.6782246879334257,0.745669594698721,validation,/home/mbisoffi/tests/TemporalGNNReview/code/data/datasets/graph/NASDAQ_Validation_2017-07-01_2017-12-31_19,11,78
12,721,388965,189,532,0.2621359223300971,0.7378640776699029,0.7492776236708275,validation,/home/mbisoffi/tests/TemporalGNNReview/code/data/datasets/graph/NASDAQ_Validation_2017-07-01_2017-12-31_19,12,78
13,721,390565,446,275,0.6185852981969486,0.38141470180305137,0.7523597626752967,validation,/home/mbisoffi/tests/TemporalGNNReview/code/data/datasets/graph/NASDAQ_Validation_2017-07-01_2017-12-31_19,13,78
14,721,392930,392,329,0.5436893203883495,0.4563106796116505,0.7569155493912776,validation,/home/mbisoffi/tests/TemporalGNNReview/code/data/datasets/graph/NASDAQ_Validation_2017-07-01_2017-12-31_19,14,78
15,721,392856,458,263,0.6352288488210819,0.3647711511789181,0.7567730004623209,validation,/home/mbisoffi/tests/TemporalGNNReview/code/data/datasets/graph/NASDAQ_Validation_2017-07-01_2017-12-31_19,15,78
16,721,391237,223,498,0.3092926490984743,0.6907073509015257,0.7536542610571737,validation,/home/mbisoffi/tests/TemporalGNNReview/code/data/datasets/graph/NASDAQ_Validation_2017-07-01_2017-12-31_19,16,78
17,721,388667,603,118,0.8363384188626907,0.16366158113730933,0.7487035752812452,validation,/home/mbisoffi/tests/TemporalGNNReview/code/data/datasets/graph/NASDAQ_Validation_2017-07-01_2017-12-31_19,17,78
18,721,387442,612,109,0.8488210818307905,0.15117891816920948,0.7463438126059485,validation,/home/mbisoffi/tests/TemporalGNNReview/code/data/datasets/graph/NASDAQ_Validation_2017-07-01_2017-12-31_19,18,78
19,721,390652,435,286,0.6033287101248266,0.3966712898751734,0.7525273539836647,validation,/home/mbisoffi/tests/TemporalGNNReview/code/data/datasets/graph/NASDAQ_Validation_2017-07-01_2017-12-31_19,19,78
20,721,388771,328,393,0.4549237170596394,0.5450762829403606,0.7489039143165357,validation,/home/mbisoffi/tests/TemporalGNNReview/code/data/datasets/graph/NASDAQ_Validation_2017-07-01_2017-12-31_19,20,78
21,721,389779,235,486,0.3259361997226075,0.6740638002773924,0.7508456618893512,validation,/home/mbisoffi/tests/TemporalGNNReview/code/data/datasets/graph/NASDAQ_Validation_2017-07-01_2017-12-31_19,21,78
22,721,390895,385,336,0.5339805825242718,0.46601941747572817,0.7529954538449684,validation,/home/mbisoffi/tests/TemporalGNNReview/code/data/datasets/graph/NASDAQ_Validation_2017-07-01_2017-12-31_19,22,78
23,721,392521,424,297,0.5880721220527045,0.41192787794729546,0.7561276776082602,validation,/home/mbisoffi/tests/TemporalGNNReview/code/data/datasets/graph/NASDAQ_Validation_2017-07-01_2017-12-31_19,23,78
24,721,389757,448,273,0.6213592233009708,0.3786407766990292,0.7508032824780397,validation,/home/mbisoffi/tests/TemporalGNNReview/code/data/datasets/graph/NASDAQ_Validation_2017-07-01_2017-12-31_19,24,78
25,721,390367,521,200,0.7226074895977809,0.27739251040221913,0.7519783479734936,validation,/home/mbisoffi/tests/TemporalGNNReview/code/data/datasets/graph/NASDAQ_Validation_2017-07-01_2017-12-31_19,25,78
26,721,386961,206,515,0.2857142857142857,0.7142857142857143,0.74541724456773,validation,/home/mbisoffi/tests/TemporalGNNReview/code/data/datasets/graph/NASDAQ_Validation_2017-07-01_2017-12-31_19,26,78
27,721,387075,366,355,0.507628294036061,0.492371705963939,0.7456368469717984,validation,/home/mbisoffi/tests/TemporalGNNReview/code/data/datasets/graph/NASDAQ_Validation_2017-07-01_2017-12-31_19,27,78
28,721,390886,303,418,0.420249653259362,0.579750346740638,0.7529781168130683,validation,/home/mbisoffi/tests/TemporalGNNReview/code/data/datasets/graph/NASDAQ_Validation_2017-07-01_2017-12-31_19,28,78
29,721,389721,331,390,0.4590846047156727,0.5409153952843273,0.7507339343504392,validation,/home/mbisoffi/tests/TemporalGNNReview/code/data/datasets/graph/NASDAQ_Validation_2017-07-01_2017-12-31_19,29,78
30,721,392404,221,500,0.3065187239944521,0.6934812760055479,0.7559022961935583,validation,/home/mbisoffi/tests/TemporalGNNReview/code/data/datasets/graph/NASDAQ_Validation_2017-07-01_2017-12-31_19,30,78
31,721,390924,513,208,0.7115117891816921,0.2884882108183079,0.7530513176144245,validation,/home/mbisoffi/tests/TemporalGNNReview/code/data/datasets/graph/NASDAQ_Validation_2017-07-01_2017-12-31_19,31,78
32,721,388809,441,280,0.6116504854368932,0.38834951456310685,0.7489771151178918,validation,/home/mbisoffi/tests/TemporalGNNReview/code/data/datasets/graph/NASDAQ_Validation_2017-07-01_2017-12-31_19,32,78
33,721,388635,581,140,0.8058252427184466,0.19417475728155342,0.7486419325011558,validation,/home/mbisoffi/tests/TemporalGNNReview/code/data/datasets/graph/NASDAQ_Validation_2017-07-01_2017-12-31_19,33,78
34,721,392960,318,403,0.44105409153952846,0.5589459084604715,0.7569733394976114,validation,/home/mbisoffi/tests/TemporalGNNReview/code/data/datasets/graph/NASDAQ_Validation_2017-07-01_2017-12-31_19,34,78
35,721,388863,67,654,0.09292649098474341,0.9070735090152566,0.7490811373092926,validation,/home/mbisoffi/tests/TemporalGNNReview/code/data/datasets/graph/NASDAQ_Validation_2017-07-01_2017-12-31_19,35,78
36,721,389742,491,230,0.680998613037448,0.319001386962552,0.7507743874248729,validation,/home/mbisoffi/tests/TemporalGNNReview/code/data/datasets/graph/NASDAQ_Validation_2017-07-01_2017-12-31_19,36,78
37,721,386968,393,328,0.5450762829403606,0.4549237170596394,0.7454307289258746,validation,/home/mbisoffi/tests/TemporalGNNReview/code/data/datasets/graph/NASDAQ_Validation_2017-07-01_2017-12-31_19,37,78
38,721,390417,383,338,0.5312066574202496,0.46879334257975036,0.7520746648173833,validation,/home/mbisoffi/tests/TemporalGNNReview/code/data/datasets/graph/NASDAQ_Validation_2017-07-01_2017-12-31_19,38,78
39,721,390566,418,303,0.579750346740638,0.42024965325936203,0.7523616890121745,validation,/home/mbisoffi/tests/TemporalGNNReview/code/data/datasets/graph/NASDAQ_Validation_2017-07-01_2017-12-31_19,39,78
40,721,386981,374,347,0.5187239944521498,0.4812760055478502,0.7454557713052858,validation,/home/mbisoffi/tests/TemporalGNNReview/code/data/datasets/graph/NASDAQ_Validation_2017-07-01_2017-12-31_19,40,78
41,721,389607,286,435,0.39667128987517336,0.6033287101248266,0.7505143319463707,validation,/home/mbisoffi/tests/TemporalGNNReview/code/data/datasets/graph/NASDAQ_Validation_2017-07-01_2017-12-31_19,41,78
42,721,388616,408,313,0.565880721220527,0.434119278779473,0.7486053321004777,validation,/home/mbisoffi/tests/TemporalGNNReview/code/data/datasets/graph/NASDAQ_Validation_2017-07-01_2017-12-31_19,42,78
43,721,393158,381,340,0.5284327323162274,0.47156726768377255,0.7573547541994144,validation,/home/mbisoffi/tests/TemporalGNNReview/code/data/datasets/graph/NASDAQ_Validation_2017-07-01_2017-12-31_19,43,78
44,721,391185,284,437,0.39389736477115117,0.6061026352288488,0.7535540915395285,validation,/home/mbisoffi/tests/TemporalGNNReview/code/data/datasets/graph/NASDAQ_Validation_2017-07-01_2017-12-31_19,44,78
45,721,389681,494,227,0.6851595006934813,0.3148404993065187,0.7506568808753274,validation,/home/mbisoffi/tests/TemporalGNNReview/code/data/datasets/graph/NASDAQ_Validation_2017-07-01_2017-12-31_19,45,78
46,721,388658,335,386,0.4646324549237171,0.5353675450762829,0.748686238249345,validation,/home/mbisoffi/tests/TemporalGNNReview/code/data/datasets/graph/NASDAQ_Validation_2017-07-01_2017-12-31_19,46,78
47,721,388924,301,420,0.4174757281553398,0.5825242718446602,0.749198643858838,validation,/home/mbisoffi/tests/TemporalGNNReview/code/data/datasets/graph/NASDAQ_Validation_2017-07-01_2017-12-31_19,47,78
48,721,389647,556,165,0.7711511789181692,0.2288488210818308,0.7505913854214825,validation,/home/mbisoffi/tests/TemporalGNNReview/code/data/datasets/graph/NASDAQ_Validation_2017-07-01_2017-12-31_19,48,78
49,721,391066,446,275,0.6185852981969486,0.38141470180305137,0.753324857451071,validation,/home/mbisoffi/tests/TemporalGNNReview/code/data/datasets/graph/NASDAQ_Validation_2017-07-01_2017-12-31_19,49,78
50,721,387738,294,427,0.4077669902912621,0.5922330097087378,0.7469140083217753,validation,/home/mbisoffi/tests/TemporalGNNReview/code/data/datasets/graph/NASDAQ_Validation_2017-07-01_2017-12-31_19,50,78
51,721,391499,478,243,0.6629680998613038,0.3370319001386962,0.7541589613191555,validation,/home/mbisoffi/tests/TemporalGNNReview/code/data/datasets/graph/NASDAQ_Validation_2017-07-01_2017-12-31_19,51,78
52,721,392262,584,137,0.8099861303744799,0.19001386962552014,0.7556287563569117,validation,/home/mbisoffi/tests/TemporalGNNReview/code/data/datasets/graph/NASDAQ_Validation_2017-07-01_2017-12-31_19,52,78
53,721,388466,414,307,0.5742024965325936,0.4257975034674064,0.7483163815688088,validation,/home/mbisoffi/tests/TemporalGNNReview/code/data/datasets/graph/NASDAQ_Validation_2017-07-01_2017-12-31_19,53,78
54,721,389378,356,365,0.49375866851595007,0.5062413314840499,0.7500732008013561,validation,/home/mbisoffi/tests/TemporalGNNReview/code/data/datasets/graph/NASDAQ_Validation_2017-07-01_2017-12-31_19,54,78
55,721,388862,425,296,0.5894590846047156,0.41054091539528437,0.7490792109724148,validation,/home/mbisoffi/tests/TemporalGNNReview/code/data/datasets/graph/NASDAQ_Validation_2017-07-01_2017-12-31_19,55,78
56,721,387989,589,132,0.8169209431345353,0.18307905686546466,0.7473975188781014,validation,/home/mbisoffi/tests/TemporalGNNReview/code/data/datasets/graph/NASDAQ_Validation_2017-07-01_2017-12-31_19,56,78
57,721,391423,427,294,0.5922330097087378,0.4077669902912622,0.7540125597164432,validation,/home/mbisoffi/tests/TemporalGNNReview/code/data/datasets/graph/NASDAQ_Validation_2017-07-01_2017-12-31_19,57,78
58,721,389923,478,243,0.6629680998613038,0.3370319001386962,0.7511230543997535,validation,/home/mbisoffi/tests/TemporalGNNReview/code/data/datasets/graph/NASDAQ_Validation_2017-07-01_2017-12-31_19,58,78
59,721,387536,275,446,0.3814147018030513,0.6185852981969486,0.7465248882724611,validation,/home/mbisoffi/tests/TemporalGNNReview/code/data/datasets/graph/NASDAQ_Validation_2017-07-01_2017-12-31_19,59,78
60,721,389382,186,535,0.2579750346740638,0.7420249653259362,0.7500809061488674,validation,/home/mbisoffi/tests/TemporalGNNReview/code/data/datasets/graph/NASDAQ_Validation_2017-07-01_2017-12-31_19,60,78
61,721,390110,231,490,0.32038834951456313,0.6796116504854368,0.7514832793959008,validation,/home/mbisoffi/tests/TemporalGNNReview/code/data/datasets/graph/NASDAQ_Validation_2017-07-01_2017-12-31_19,61,78
62,721,390659,323,398,0.44798890429958393,0.5520110957004161,0.7525408383418092,validation,/home/mbisoffi/tests/TemporalGNNReview/code/data/datasets/graph/NASDAQ_Validation_2017-07-01_2017-12-31_19,62,78
63,721,390624,185,536,0.2565880721220527,0.7434119278779473,0.7524734165510865,validation,/home/mbisoffi/tests/TemporalGNNReview/code/data/datasets/graph/NASDAQ_Validation_2017-07-01_2017-12-31_19,63,78
64,721,390166,410,311,0.5686546463245492,0.4313453536754508,0.7515911542610572,validation,/home/mbisoffi/tests/TemporalGNNReview/code/data/datasets/graph/NASDAQ_Validation_2017-07-01_2017-12-31_19,64,78
65,721,389003,286,435,0.39667128987517336,0.6033287101248266,0.7493508244721837,validation,/home/mbisoffi/tests/TemporalGNNReview/code/data/datasets/graph/NASDAQ_Validation_2017-07-01_2017-12-31_19,65,78
66,721,388026,363,358,0.5034674063800277,0.49653259361997226,0.7474687933425798,validation,/home/mbisoffi/tests/TemporalGNNReview/code/data/datasets/graph/NASDAQ_Validation_2017-07-01_2017-12-31_19,66,78
67,721,390511,551,170,0.7642163661581137,0.23578363384188628,0.7522557404838959,validation,/home/mbisoffi/tests/TemporalGNNReview/code/data/datasets/graph/NASDAQ_Validation_2017-07-01_2017-12-31_19,67,78
68,721,388841,280,441,0.3883495145631068,0.6116504854368932,0.7490387578979812,validation,/home/mbisoffi/tests/TemporalGNNReview/code/data/datasets/graph/NASDAQ_Validation_2017-07-01_2017-12-31_19,68,78
69,721,392239,476,245,0.6601941747572816,0.3398058252427184,0.7555844506087225,validation,/home/mbisoffi/tests/TemporalGNNReview/code/data/datasets/graph/NASDAQ_Validation_2017-07-01_2017-12-31_19,69,78
70,721,389539,327,394,0.4535367545076283,0.5464632454923717,0.7503833410386809,validation,/home/mbisoffi/tests/TemporalGNNReview/code/data/datasets/graph/NASDAQ_Validation_2017-07-01_2017-12-31_19,70,78
71,721,390146,136,585,0.18862690707350901,0.811373092926491,0.7515526275235013,validation,/home/mbisoffi/tests/TemporalGNNReview/code/data/datasets/graph/NASDAQ_Validation_2017-07-01_2017-12-31_19,71,78
72,721,390299,633,88,0.8779472954230236,0.12205270457697637,0.7518473570658036,validation,/home/mbisoffi/tests/TemporalGNNReview/code/data/datasets/graph/NASDAQ_Validation_2017-07-01_2017-12-31_19,72,78
73,721,389064,450,271,0.624133148404993,0.375866851595007,0.749468331021729,validation,/home/mbisoffi/tests/TemporalGNNReview/code/data/datasets/graph/NASDAQ_Validation_2017-07-01_2017-12-31_19,73,78
74,721,391975,312,409,0.43273231622746183,0.5672676837725381,0.755075897672985,validation,/home/mbisoffi/tests/TemporalGNNReview/code/data/datasets/graph/NASDAQ_Validation_2017-07-01_2017-12-31_19,74,78
75,721,388977,392,329,0.5436893203883495,0.4563106796116505,0.7493007397133611,validation,/home/mbisoffi/tests/TemporalGNNReview/code/data/datasets/graph/NASDAQ_Validation_2017-07-01_2017-12-31_19,75,78
76,721,390438,319,402,0.44244105409153955,0.5575589459084604,0.752115117891817,validation,/home/mbisoffi/tests/TemporalGNNReview/code/data/datasets/graph/NASDAQ_Validation_2017-07-01_2017-12-31_19,76,78
77,721,387610,163,558,0.2260748959778086,0.7739251040221914,0.7466674372014178,validation,/home/mbisoffi/tests/TemporalGNNReview/code/data/datasets/graph/NASDAQ_Validation_2017-07-01_2017-12-31_19,77,78
0,721,390975,366,355,0.507628294036061,0.492371705963939,0.7531495607951919,test,/home/mbisoffi/tests/TemporalGNNReview/code/data/datasets/graph/NASDAQ_Test_2018-01-01_2019-12-31_19,0,195
1,721,393281,470,251,0.651872399445215,0.348127600554785,0.7575916936353829,test,/home/mbisoffi/tests/TemporalGNNReview/code/data/datasets/graph/NASDAQ_Test_2018-01-01_2019-12-31_19,1,195
2,721,387274,572,149,0.7933425797503467,0.20665742024965328,0.7460201880104793,test,/home/mbisoffi/tests/TemporalGNNReview/code/data/datasets/graph/NASDAQ_Test_2018-01-01_2019-12-31_19,2,195
3,721,389375,418,303,0.579750346740638,0.42024965325936203,0.7500674217907227,test,/home/mbisoffi/tests/TemporalGNNReview/code/data/datasets/graph/NASDAQ_Test_2018-01-01_2019-12-31_19,3,195
4,721,394656,449,272,0.6227461858529819,0.3772538141470181,0.7602404068423486,test,/home/mbisoffi/tests/TemporalGNNReview/code/data/datasets/graph/NASDAQ_Test_2018-01-01_2019-12-31_19,4,195
5,721,391880,177,544,0.24549237170596394,0.7545076282940361,0.7548928956695947,test,/home/mbisoffi/tests/TemporalGNNReview/code/data/datasets/graph/NASDAQ_Test_2018-01-01_2019-12-31_19,5,195
6,721,390894,211,510,0.2926490984743412,0.7073509015256588,0.7529935275080906,test,/home/mbisoffi/tests/TemporalGNNReview/code/data/datasets/graph/NASDAQ_Test_2018-01-01_2019-12-31_19,6,195
7,721,389881,57,664,0.07905686546463246,0.9209431345353676,0.7510421482508861,test,/home/mbisoffi/tests/TemporalGNNReview/code/data/datasets/graph/NASDAQ_Test_2018-01-01_2019-12-31_19,7,195
8,721,393827,459,262,0.636615811373093,0.363384188626907,0.7586434735706581,test,/home/mbisoffi/tests/TemporalGNNReview/code/data/datasets/graph/NASDAQ_Test_2018-01-01_2019-12-31_19,8,195
9,721,392988,239,482,0.3314840499306519,0.668515950069348,0.7570272769301896,test,/home/mbisoffi/tests/TemporalGNNReview/code/data/datasets/graph/NASDAQ_Test_2018-01-01_2019-12-31_19,9,195
10,721,388747,347,374,0.4812760055478502,0.5187239944521498,0.7488576822314686,test,/home/mbisoffi/tests/TemporalGNNReview/code/data/datasets/graph/NASDAQ_Test_2018-01-01_2019-12-31_19,10,195
11,721,388761,380,341,0.5270457697642164,0.47295423023578365,0.7488846509477577,test,/home/mbisoffi/tests/TemporalGNNReview/code/data/datasets/graph/NASDAQ_Test_2018-01-01_2019-12-31_19,11,195
12,721,388612,348,373,0.4826629680998613,0.5173370319001387,0.7485976267529666,test,/home/mbisoffi/tests/TemporalGNNReview/code/data/datasets/graph/NASDAQ_Test_2018-01-01_2019-12-31_19,12,195
13,721,392100,596,125,0.826629680998613,0.173370319001387,0.7553166897827092,test,/home/mbisoffi/tests/TemporalGNNReview/code/data/datasets/graph/NASDAQ_Test_2018-01-01_2019-12-31_19,13,195
14,721,392634,602,119,0.8349514563106796,0.16504854368932043,0.7563453536754507,test,/home/mbisoffi/tests/TemporalGNNReview/code/data/datasets/graph/NASDAQ_Test_2018-01-01_2019-12-31_19,14,195
15,721,388883,319,402,0.44244105409153955,0.5575589459084604,0.7491196640468485,test,/home/mbisoffi/tests/TemporalGNNReview/code/data/datasets/graph/NASDAQ_Test_2018-01-01_2019-12-31_19,15,195
16,721,387432,186,535,0.2579750346740638,0.7420249653259362,0.7463245492371706,test,/home/mbisoffi/tests/TemporalGNNReview/code/data/datasets/graph/NASDAQ_Test_2018-01-01_2019-12-31_19,16,195
17,721,388647,92,629,0.1276005547850208,0.8723994452149793,0.7486650485436893,test,/home/mbisoffi/tests/TemporalGNNReview/code/data/datasets/graph/NASDAQ_Test_2018-01-01_2019-12-31_19,17,195
18,721,392504,244,477,0.33841886269070737,0.6615811373092926,0.7560949298813376,test,/home/mbisoffi/tests/TemporalGNNReview/code/data/datasets/graph/NASDAQ_Test_2018-01-01_2019-12-31_19,18,195
19,721,393256,538,183,0.7461858529819695,0.2538141470180305,0.7575435352134381,test,/home/mbisoffi/tests/TemporalGNNReview/code/data/datasets/graph/NASDAQ_Test_2018-01-01_2019-12-31_19,19,195
20,721,389741,135,586,0.18723994452149792,0.812760055478502,0.7507724610879951,test,/home/mbisoffi/tests/TemporalGNNReview/code/data/datasets/graph/NASDAQ_Test_2018-01-01_2019-12-31_19,20,195
21,721,390711,67,654,0.09292649098474341,0.9070735090152566,0.7526410078594544,test,/home/mbisoffi/tests/TemporalGNNReview/code/data/datasets/graph/NASDAQ_Test_2018-01-01_2019-12-31_19,21,195
22,721,392584,63,658,0.08737864077669903,0.912621359223301,0.7562490368315611,test,/home/mbisoffi/tests/TemporalGNNReview/code/data/datasets/graph/NASDAQ_Test_2018-01-01_2019-12-31_19,22,195
23,721,394938,455,266,0.6310679611650486,0.3689320388349514,0.7607836338418863,test,/home/mbisoffi/tests/TemporalGNNReview/code/data/datasets/graph/NASDAQ_Test_2018-01-01_2019-12-31_19,23,195
24,721,389198,448,273,0.6213592233009708,0.3786407766990292,0.7497264601633533,test,/home/mbisoffi/tests/TemporalGNNReview/code/data/datasets/graph/NASDAQ_Test_2018-01-01_2019-12-31_19,24,195
25,721,387578,134,587,0.18585298196948682,0.8141470180305131,0.7466057944213284,test,/home/mbisoffi/tests/TemporalGNNReview/code/data/datasets/graph/NASDAQ_Test_2018-01-01_2019-12-31_19,25,195
26,721,393394,582,139,0.8072122052704577,0.19278779472954233,0.7578093697025736,test,/home/mbisoffi/tests/TemporalGNNReview/code/data/datasets/graph/NASDAQ_Test_2018-01-01_2019-12-31_19,26,195
27,721,390712,96,625,0.13314840499306518,0.8668515950069349,0.7526429341963322,test,/home/mbisoffi/tests/TemporalGNNReview/code/data/datasets/graph/NASDAQ_Test_2018-01-01_2019-12-31_19,27,195
28,721,388513,332,389,0.4604715672676838,0.5395284327323162,0.748406919402065,test,/home/mbisoffi/tests/TemporalGNNReview/code/data/datasets/graph/NASDAQ_Test_2018-01-01_2019-12-31_19,28,195
29,721,394726,289,432,0.40083217753120665,0.5991678224687933,0.7603752504237941,test,/home/mbisoffi/tests/TemporalGNNReview/code/data/datasets/graph/NASDAQ_Test_2018-01-01_2019-12-31_19,29,195
30,721,393890,558,163,0.7739251040221914,0.2260748959778086,0.758764832793959,test,/home/mbisoffi/tests/TemporalGNNReview/code/data/datasets/graph/NASDAQ_Test_2018-01-01_2019-12-31_19,30,195
31,721,389824,72,649,0.09986130374479889,0.9001386962552012,0.7509323470488519,test,/home/mbisoffi/tests/TemporalGNNReview/code/data/datasets/graph/NASDAQ_Test_2018-01-01_2019-12-31_19,31,195
32,721,387653,519,202,0.7198335644937587,0.2801664355062413,0.7467502696871628,test,/home/mbisoffi/tests/TemporalGNNReview/code/data/datasets/graph/NASDAQ_Test_2018-01-01_2019-12-31_19,32,195
33,721,388580,321,400,0.44521497919556174,0.5547850208044383,0.7485359839728771,test,/home/mbisoffi/tests/TemporalGNNReview/code/data/datasets/graph/NASDAQ_Test_2018-01-01_2019-12-31_19,33,195
34,721,392509,103,618,0.14285714285714285,0.8571428571428572,0.7561045615657266,test,/home/mbisoffi/tests/TemporalGNNReview/code/data/datasets/graph/NASDAQ_Test_2018-01-01_2019-12-31_19,34,195
35,721,389826,346,375,0.4798890429958391,0.5201109570041609,0.7509361997226075,test,/home/mbisoffi/tests/TemporalGNNReview/code/data/datasets/graph/NASDAQ_Test_2018-01-01_2019-12-31_19,35,195
36,721,391985,342,379,0.47434119278779474,0.5256588072122053,0.755095161041763,test,/home/mbisoffi/tests/TemporalGNNReview/code/data/datasets/graph/NASDAQ_Test_2018-01-01_2019-12-31_19,36,195
37,721,391607,284,437,0.39389736477115117,0.6061026352288488,0.7543670057019571,test,/home/mbisoffi/tests/TemporalGNNReview/code/data/datasets/graph/NASDAQ_Test_2018-01-01_2019-12-31_19,37,195
38,721,391983,262,459,0.3633841886269071,0.6366158113730929,0.7550913083680074,test,/home/mbisoffi/tests/TemporalGNNReview/code/data/datasets/graph/NASDAQ_Test_2018-01-01_2019-12-31_19,38,195
39,721,392917,479,242,0.6643550624133149,0.3356449375866851,0.7568905070118662,test,/home/mbisoffi/tests/TemporalGNNReview/code/data/datasets/graph/NASDAQ_Test_2018-01-01_2019-12-31_19,39,195
40,721,389647,585,136,0.811373092926491,0.18862690707350904,0.7505913854214825,test,/home/mbisoffi/tests/TemporalGNNReview/code/data/datasets/graph/NASDAQ_Test_2018-01-01_2019-12-31_19,40,195
41,721,392879,498,223,0.6907073509015257,0.3092926490984743,0.7568173062105101,test,/home/mbisoffi/tests/TemporalGNNReview/code/data/datasets/graph/NASDAQ_Test_2018-01-01_2019-12-31_19,41,195
42,721,389055,321,400,0.44521497919556174,0.5547850208044383,0.749450993989829,test,/home/mbisoffi/tests/TemporalGNNReview/code/data/datasets/graph/NASDAQ_Test_2018-01-01_2019-12-31_19,42,195
43,721,387404,558,163,0.7739251040221914,0.2260748959778086,0.7462706118045924,test,/home/mbisoffi/tests/TemporalGNNReview/code/data/datasets/graph/NASDAQ_Test_2018-01-01_2019-12-31_19,43,195
44,721,390072,331,390,0.4590846047156727,0.5409153952843273,0.7514100785945446,test,/home/mbisoffi/tests/TemporalGNNReview/code/data/datasets/graph/NASDAQ_Test_2018-01-01_2019-12-31_19,44,195
45,721,392884,676,45,0.9375866851595007,0.06241331484049928,0.7568269378948991,test,/home/mbisoffi/tests/TemporalGNNReview/code/data/datasets/graph/NASDAQ_Test_2018-01-01_2019-12-31_19,45,195
46,721,395061,366,355,0.507628294036061,0.492371705963939,0.7610205732778549,test,/home/mbisoffi/tests/TemporalGNNReview/code/data/datasets/graph/NASDAQ_Test_2018-01-01_2019-12-31_19,46,195
47,721,388581,572,149,0.7933425797503467,0.20665742024965328,0.7485379103097549,test,/home/mbisoffi/tests/TemporalGNNReview/code/data/datasets/graph/NASDAQ_Test_2018-01-01_2019-12-31_19,47,195
48,721,388737,371,350,0.5145631067961165,0.4854368932038835,0.7488384188626908,test,/home/mbisoffi/tests/TemporalGNNReview/code/data/datasets/graph/NASDAQ_Test_2018-01-01_2019-12-31_19,48,195
49,721,392156,262,459,0.3633841886269071,0.6366158113730929,0.7554245646478657,test,/home/mbisoffi/tests/TemporalGNNReview/code/data/datasets/graph/NASDAQ_Test_2018-01-01_2019-12-31_19,49,195
50,721,393393,499,222,0.6920943134535368,0.3079056865464632,0.7578074433656958,test,/home/mbisoffi/tests/TemporalGNNReview/code/data/datasets/graph/NASDAQ_Test_2018-01-01_2019-12-31_19,50,195
51,721,388205,37,684,0.05131761442441054,0.9486823855755895,0.7478136076437047,test,/home/mbisoffi/tests/TemporalGNNReview/code/data/datasets/graph/NASDAQ_Test_2018-01-01_2019-12-31_19,51,195
52,721,389010,220,501,0.30513176144244103,0.694868238557559,0.7493643088303282,test,/home/mbisoffi/tests/TemporalGNNReview/code/data/datasets/graph/NASDAQ_Test_2018-01-01_2019-12-31_19,52,195
53,721,391006,435,286,0.6033287101248266,0.3966712898751734,0.7532092772384035,test,/home/mbisoffi/tests/TemporalGNNReview/code/data/datasets/graph/NASDAQ_Test_2018-01-01_2019-12-31_19,53,195
54,721,388873,486,235,0.6740638002773925,0.32593619972260746,0.7491004006780706,test,/home/mbisoffi/tests/TemporalGNNReview/code/data/datasets/graph/NASDAQ_Test_2018-01-01_2019-12-31_19,54,195
55,721,395351,537,184,0.7447988904299584,0.2552011095700416,0.7615792109724149,test,/home/mbisoffi/tests/TemporalGNNReview/code/data/datasets/graph/NASDAQ_Test_2018-01-01_2019-12-31_19,55,195
56,721,395102,676,45,0.9375866851595007,0.06241331484049928,0.7610995530898443,test,/home/mbisoffi/tests/TemporalGNNReview/code/data/datasets/graph/NASDAQ_Test_2018-01-01_2019-12-31_19,56,195
57,721,389840,131,590,0.18169209431345354,0.8183079056865464,0.7509631684388965,test,/home/mbisoffi/tests/TemporalGNNReview/code/data/datasets/graph/NASDAQ_Test_2018-01-01_2019-12-31_19,57,195
58,721,389716,315,406,0.4368932038834951,0.5631067961165048,0.7507243026660503,test,/home/mbisoffi/tests/TemporalGNNReview/code/data/datasets/graph/NASDAQ_Test_2018-01-01_2019-12-31_19,58,195
59,721,388436,254,467,0.3522884882108183,0.6477115117891816,0.748258591462475,test,/home/mbisoffi/tests/TemporalGNNReview/code/data/datasets/graph/NASDAQ_Test_2018-01-01_2019-12-31_19,59,195
60,721,393835,225,496,0.3120665742024965,0.6879334257975035,0.7586588842656804,test,/home/mbisoffi/tests/TemporalGNNReview/code/data/datasets/graph/NASDAQ_Test_2018-01-01_2019-12-31_19,60,195
61,721,388415,240,481,0.332871012482663,0.667128987517337,0.7482181383880413,test,/home/mbisoffi/tests/TemporalGNNReview/code/data/datasets/graph/NASDAQ_Test_2018-01-01_2019-12-31_19,61,195
62,721,388233,669,52,0.9278779472954231,0.07212205270457694,0.747867545076283,test,/home/mbisoffi/tests/TemporalGNNReview/code/data/datasets/graph/NASDAQ_Test_2018-01-01_2019-12-31_19,62,195
63,721,388436,464,257,0.6435506241331485,0.35644937586685155,0.748258591462475,test,/home/mbisoffi/tests/TemporalGNNReview/code/data/datasets/graph/NASDAQ_Test_2018-01-01_2019-12-31_19,63,195
64,721,393994,366,355,0.507628294036061,0.492371705963939,0.7589651718292495,test,/home/mbisoffi/tests/TemporalGNNReview/code/data/datasets/graph/NASDAQ_Test_2018-01-01_2019-12-31_19,64,195
65,721,389245,337,384,0.46740638002773927,0.5325936199722607,0.7498169979966096,test,/home/mbisoffi/tests/TemporalGNNReview/code/data/datasets/graph/NASDAQ_Test_2018-01-01_2019-12-31_19,65,195
66,721,389138,463,258,0.6421636615811374,0.35783633841886264,0.7496108799506858,test,/home/mbisoffi/tests/TemporalGNNReview/code/data/datasets/graph/NASDAQ_Test_2018-01-01_2019-12-31_19,66,195
67,721,395425,563,158,0.7808599167822469,0.21914008321775313,0.7617217599013716,test,/home/mbisoffi/tests/TemporalGNNReview/code/data/datasets/graph/NASDAQ_Test_2018-01-01_2019-12-31_19,67,195
68,721,395412,234,487,0.3245492371705964,0.6754507628294035,0.7616967175219602,test,/home/mbisoffi/tests/TemporalGNNReview/code/data/datasets/graph/NASDAQ_Test_2018-01-01_2019-12-31_19,68,195
69,721,389170,467,254,0.6477115117891817,0.35228848821081826,0.7496725227307751,test,/home/mbisoffi/tests/TemporalGNNReview/code/data/datasets/graph/NASDAQ_Test_2018-01-01_2019-12-31_19,69,195
70,721,391337,327,394,0.4535367545076283,0.5464632454923717,0.753846894744953,test,/home/mbisoffi/tests/TemporalGNNReview/code/data/datasets/graph/NASDAQ_Test_2018-01-01_2019-12-31_19,70,195
71,721,389598,222,499,0.3079056865464632,0.6920943134535368,0.7504969949144706,test,/home/mbisoffi/tests/TemporalGNNReview/code/data/datasets/graph/NASDAQ_Test_2018-01-01_2019-12-31_19,71,195
72,721,388311,563,158,0.7808599167822469,0.21914008321775313,0.7480177993527508,test,/home/mbisoffi/tests/TemporalGNNReview/code/data/datasets/graph/NASDAQ_Test_2018-01-01_2019-12-31_19,72,195
73,721,393144,448,273,0.6213592233009708,0.3786407766990292,0.7573277854831253,test,/home/mbisoffi/tests/TemporalGNNReview/code/data/datasets/graph/NASDAQ_Test_2018-01-01_2019-12-31_19,73,195
74,721,391823,371,350,0.5145631067961165,0.4854368932038835,0.7547830944675605,test,/home/mbisoffi/tests/TemporalGNNReview/code/data/datasets/graph/NASDAQ_Test_2018-01-01_2019-12-31_19,74,195
75,721,388666,245,476,0.33980582524271846,0.6601941747572815,0.7487016489443674,test,/home/mbisoffi/tests/TemporalGNNReview/code/data/datasets/graph/NASDAQ_Test_2018-01-01_2019-12-31_19,75,195
76,721,389011,309,412,0.42857142857142855,0.5714285714285714,0.749366235167206,test,/home/mbisoffi/tests/TemporalGNNReview/code/data/datasets/graph/NASDAQ_Test_2018-01-01_2019-12-31_19,76,195
77,721,390674,195,526,0.27045769764216365,0.7295423023578363,0.7525697333949761,test,/home/mbisoffi/tests/TemporalGNNReview/code/data/datasets/graph/NASDAQ_Test_2018-01-01_2019-12-31_19,77,195
78,721,389065,274,447,0.3800277392510402,0.6199722607489597,0.7494702573586068,test,/home/mbisoffi/tests/TemporalGNNReview/code/data/datasets/graph/NASDAQ_Test_2018-01-01_2019-12-31_19,78,195
79,721,393315,292,429,0.40499306518723993,0.59500693481276,0.757657189089228,test,/home/mbisoffi/tests/TemporalGNNReview/code/data/datasets/graph/NASDAQ_Test_2018-01-01_2019-12-31_19,79,195
80,721,389801,319,402,0.44244105409153955,0.5575589459084604,0.7508880413006627,test,/home/mbisoffi/tests/TemporalGNNReview/code/data/datasets/graph/NASDAQ_Test_2018-01-01_2019-12-31_19,80,195
81,721,388457,391,330,0.5423023578363384,0.4576976421636616,0.7482990445369087,test,/home/mbisoffi/tests/TemporalGNNReview/code/data/datasets/graph/NASDAQ_Test_2018-01-01_2019-12-31_19,81,195
82,721,388791,629,92,0.8723994452149791,0.12760055478502086,0.7489424410540916,test,/home/mbisoffi/tests/TemporalGNNReview/code/data/datasets/graph/NASDAQ_Test_2018-01-01_2019-12-31_19,82,195
83,721,388848,506,215,0.7018030513176144,0.29819694868238555,0.7490522422561258,test,/home/mbisoffi/tests/TemporalGNNReview/code/data/datasets/graph/NASDAQ_Test_2018-01-01_2019-12-31_19,83,195
84,721,395476,503,218,0.6976421636615812,0.30235783633841884,0.761820003082139,test,/home/mbisoffi/tests/TemporalGNNReview/code/data/datasets/graph/NASDAQ_Test_2018-01-01_2019-12-31_19,84,195
85,721,395216,159,562,0.22052704576976423,0.7794729542302358,0.7613191554939128,test,/home/mbisoffi/tests/TemporalGNNReview/code/data/datasets/graph/NASDAQ_Test_2018-01-01_2019-12-31_19,85,195
86,721,388790,272,449,0.37725381414701803,0.6227461858529819,0.7489405147172138,test,/home/mbisoffi/tests/TemporalGNNReview/code/data/datasets/graph/NASDAQ_Test_2018-01-01_2019-12-31_19,86,195
87,721,394665,469,252,0.6504854368932039,0.3495145631067961,0.7602577438742487,test,/home/mbisoffi/tests/TemporalGNNReview/code/data/datasets/graph/NASDAQ_Test_2018-01-01_2019-12-31_19,87,195
88,721,394669,544,177,0.7545076282940361,0.24549237170596394,0.7602654492217599,test,/home/mbisoffi/tests/TemporalGNNReview/code/data/datasets/graph/NASDAQ_Test_2018-01-01_2019-12-31_19,88,195
89,721,388657,313,408,0.43411927877947293,0.565880721220527,0.7486843119124672,test,/home/mbisoffi/tests/TemporalGNNReview/code/data/datasets/graph/NASDAQ_Test_2018-01-01_2019-12-31_19,89,195
90,721,388054,560,161,0.7766990291262136,0.22330097087378642,0.747522730775158,test,/home/mbisoffi/tests/TemporalGNNReview/code/data/datasets/graph/NASDAQ_Test_2018-01-01_2019-12-31_19,90,195
91,721,389726,412,309,0.5714285714285714,0.4285714285714286,0.7507435660348282,test,/home/mbisoffi/tests/TemporalGNNReview/code/data/datasets/graph/NASDAQ_Test_2018-01-01_2019-12-31_19,91,195
92,721,393152,638,83,0.8848821081830791,0.11511789181692089,0.7573431961781476,test,/home/mbisoffi/tests/TemporalGNNReview/code/data/datasets/graph/NASDAQ_Test_2018-01-01_2019-12-31_19,92,195
93,721,388773,261,460,0.361997226074896,0.638002773925104,0.7489077669902913,test,/home/mbisoffi/tests/TemporalGNNReview/code/data/datasets/graph/NASDAQ_Test_2018-01-01_2019-12-31_19,93,195
94,721,391146,465,256,0.6449375866851595,0.35506241331484045,0.7534789644012945,test,/home/mbisoffi/tests/TemporalGNNReview/code/data/datasets/graph/NASDAQ_Test_2018-01-01_2019-12-31_19,94,195
95,721,391037,253,468,0.3509015256588072,0.6490984743411927,0.753268993681615,test,/home/mbisoffi/tests/TemporalGNNReview/code/data/datasets/graph/NASDAQ_Test_2018-01-01_2019-12-31_19,95,195
96,721,389144,133,588,0.18446601941747573,0.8155339805825242,0.7496224379719525,test,/home/mbisoffi/tests/TemporalGNNReview/code/data/datasets/graph/NASDAQ_Test_2018-01-01_2019-12-31_19,96,195
97,721,388983,202,519,0.2801664355062413,0.7198335644937587,0.7493122977346278,test,/home/mbisoffi/tests/TemporalGNNReview/code/data/datasets/graph/NASDAQ_Test_2018-01-01_2019-12-31_19,97,195
98,721,390371,48,673,0.06657420249653259,0.9334257975034674,0.7519860533210048,test,/home/mbisoffi/tests/TemporalGNNReview/code/data/datasets/graph/NASDAQ_Test_2018-01-01_2019-12-31_19,98,195
99,721,394714,189,532,0.2621359223300971,0.7378640776699029,0.7603521343812606,test,/home/mbisoffi/tests/TemporalGNNReview/code/data/datasets/graph/NASDAQ_Test_2018-01-01_2019-12-31_19,99,195
100,721,388458,572,149,0.7933425797503467,0.20665742024965328,0.7483009708737864,test,/home/mbisoffi/tests/TemporalGNNReview/code/data/datasets/graph/NASDAQ_Test_2018-01-01_2019-12-31_19,100,195
101,721,393579,442,279,0.6130374479889042,0.38696255201109575,0.7581657420249653,test,/home/mbisoffi/tests/TemporalGNNReview/code/data/datasets/graph/NASDAQ_Test_2018-01-01_2019-12-31_19,101,195
102,721,390771,159,562,0.22052704576976423,0.7794729542302358,0.7527565880721221,test,/home/mbisoffi/tests/TemporalGNNReview/code/data/datasets/graph/NASDAQ_Test_2018-01-01_2019-12-31_19,102,195
103,721,388936,366,355,0.507628294036061,0.492371705963939,0.7492217599013715,test,/home/mbisoffi/tests/TemporalGNNReview/code/data/datasets/graph/NASDAQ_Test_2018-01-01_2019-12-31_19,103,195
104,721,388793,517,204,0.7170596393897365,0.2829403606102635,0.7489462937278472,test,/home/mbisoffi/tests/TemporalGNNReview/code/data/datasets/graph/NASDAQ_Test_2018-01-01_2019-12-31_19,104,195
105,721,389475,264,457,0.36615811373092927,0.6338418862690707,0.750260055478502,test,/home/mbisoffi/tests/TemporalGNNReview/code/data/datasets/graph/NASDAQ_Test_2018-01-01_2019-12-31_19,105,195
106,721,390878,280,441,0.3883495145631068,0.6116504854368932,0.7529627061180459,test,/home/mbisoffi/tests/TemporalGNNReview/code/data/datasets/graph/NASDAQ_Test_2018-01-01_2019-12-31_19,106,195
107,721,390697,670,51,0.9292649098474342,0.07073509015256585,0.7526140391431654,test,/home/mbisoffi/tests/TemporalGNNReview/code/data/datasets/graph/NASDAQ_Test_2018-01-01_2019-12-31_19,107,195
108,721,389351,603,118,0.8363384188626907,0.16366158113730933,0.7500211897056557,test,/home/mbisoffi/tests/TemporalGNNReview/code/data/datasets/graph/NASDAQ_Test_2018-01-01_2019-12-31_19,108,195
109,721,389823,318,403,0.44105409153952846,0.5589459084604715,0.7509304207119741,test,/home/mbisoffi/tests/TemporalGNNReview/code/data/datasets/graph/NASDAQ_Test_2018-01-01_2019-12-31_19,109,195
110,721,388991,582,139,0.8072122052704577,0.19278779472954233,0.7493277084296501,test,/home/mbisoffi/tests/TemporalGNNReview/code/data/datasets/graph/NASDAQ_Test_2018-01-01_2019-12-31_19,110,195
111,721,390411,586,135,0.812760055478502,0.18723994452149795,0.7520631067961165,test,/home/mbisoffi/tests/TemporalGNNReview/code/data/datasets/graph/NASDAQ_Test_2018-01-01_2019-12-31_19,111,195
112,721,393832,184,537,0.2552011095700416,0.7447988904299584,0.758653105255047,test,/home/mbisoffi/tests/TemporalGNNReview/code/data/datasets/graph/NASDAQ_Test_2018-01-01_2019-12-31_19,112,195
113,721,388108,199,522,0.27600554785020803,0.723994452149792,0.7476267529665588,test,/home/mbisoffi/tests/TemporalGNNReview/code/data/datasets/graph/NASDAQ_Test_2018-01-01_2019-12-31_19,113,195
114,721,394963,428,293,0.5936199722607489,0.4063800277392511,0.7608317922638311,test,/home/mbisoffi/tests/TemporalGNNReview/code/data/datasets/graph/NASDAQ_Test_2018-01-01_2019-12-31_19,114,195
115,721,388890,313,408,0.43411927877947293,0.565880721220527,0.749133148404993,test,/home/mbisoffi/tests/TemporalGNNReview/code/data/datasets/graph/NASDAQ_Test_2018-01-01_2019-12-31_19,115,195
116,721,390992,368,353,0.5104022191400832,0.4895977808599168,0.7531823085221143,test,/home/mbisoffi/tests/TemporalGNNReview/code/data/datasets/graph/NASDAQ_Test_2018-01-01_2019-12-31_19,116,195
117,721,394132,278,443,0.3855755894590846,0.6144244105409153,0.7592310063183849,test,/home/mbisoffi/tests/TemporalGNNReview/code/data/datasets/graph/NASDAQ_Test_2018-01-01_2019-12-31_19,117,195
118,721,388275,237,484,0.3287101248266297,0.6712898751733702,0.7479484512251503,test,/home/mbisoffi/tests/TemporalGNNReview/code/data/datasets/graph/NASDAQ_Test_2018-01-01_2019-12-31_19,118,195
119,721,391797,65,656,0.09015256588072122,0.9098474341192788,0.7547330097087379,test,/home/mbisoffi/tests/TemporalGNNReview/code/data/datasets/graph/NASDAQ_Test_2018-01-01_2019-12-31_19,119,195
120,721,393473,77,644,0.10679611650485436,0.8932038834951457,0.7579615503159193,test,/home/mbisoffi/tests/TemporalGNNReview/code/data/datasets/graph/NASDAQ_Test_2018-01-01_2019-12-31_19,120,195
121,721,390016,596,125,0.826629680998613,0.173370319001387,0.7513022037293882,test,/home/mbisoffi/tests/TemporalGNNReview/code/data/datasets/graph/NASDAQ_Test_2018-01-01_2019-12-31_19,121,195
122,721,388992,579,142,0.8030513176144244,0.1969486823855756,0.7493296347665279,test,/home/mbisoffi/tests/TemporalGNNReview/code/data/datasets/graph/NASDAQ_Test_2018-01-01_2019-12-31_19,122,195
123,721,389695,361,360,0.5006934812760055,0.49930651872399445,0.7506838495916166,test,/home/mbisoffi/tests/TemporalGNNReview/code/data/datasets/graph/NASDAQ_Test_2018-01-01_2019-12-31_19,123,195
124,721,394448,555,166,0.7697642163661581,0.2302357836338419,0.7598397287717676,test,/home/mbisoffi/tests/TemporalGNNReview/code/data/datasets/graph/NASDAQ_Test_2018-01-01_2019-12-31_19,124,195
125,721,389305,120,601,0.1664355062413315,0.8335644937586685,0.7499325782092773,test,/home/mbisoffi/tests/TemporalGNNReview/code/data/datasets/graph/NASDAQ_Test_2018-01-01_2019-12-31_19,125,195
126,721,390721,87,634,0.12066574202496533,0.8793342579750347,0.7526602712282324,test,/home/mbisoffi/tests/TemporalGNNReview/code/data/datasets/graph/NASDAQ_Test_2018-01-01_2019-12-31_19,126,195
127,721,391354,105,616,0.14563106796116504,0.854368932038835,0.7538796424718754,test,/home/mbisoffi/tests/TemporalGNNReview/code/data/datasets/graph/NASDAQ_Test_2018-01-01_2019-12-31_19,127,195
128,721,390312,585,136,0.811373092926491,0.18862690707350904,0.751872399445215,test,/home/mbisoffi/tests/TemporalGNNReview/code/data/datasets/graph/NASDAQ_Test_2018-01-01_2019-12-31_19,128,195
129,721,389090,513,208,0.7115117891816921,0.2884882108183079,0.7495184157805517,test,/home/mbisoffi/tests/TemporalGNNReview/code/data/datasets/graph/NASDAQ_Test_2018-01-01_2019-12-31_19,129,195
130,721,388111,429,292,0.59500693481276,0.40499306518724,0.7476325319771921,test,/home/mbisoffi/tests/TemporalGNNReview/code/data/datasets/graph/NASDAQ_Test_2018-01-01_2019-12-31_19,130,195
131,721,389015,417,304,0.5783633841886269,0.4216366158113731,0.7493739405147172,test,/home/mbisoffi/tests/TemporalGNNReview/code/data/datasets/graph/NASDAQ_Test_2018-01-01_2019-12-31_19,131,195
132,721,388449,393,328,0.5450762829403606,0.4549237170596394,0.7482836338418862,test,/home/mbisoffi/tests/TemporalGNNReview/code/data/datasets/graph/NASDAQ_Test_2018-01-01_2019-12-31_19,132,195
133,721,389097,267,454,0.37031900138696255,0.6296809986130374,0.7495319001386963,test,/home/mbisoffi/tests/TemporalGNNReview/code/data/datasets/graph/NASDAQ_Test_2018-01-01_2019-12-31_19,133,195
134,721,389032,585,136,0.811373092926491,0.18862690707350904,0.7494066882416397,test,/home/mbisoffi/tests/TemporalGNNReview/code/data/datasets/graph/NASDAQ_Test_2018-01-01_2019-12-31_19,134,195
135,721,389942,270,451,0.37447988904299584,0.6255201109570041,0.7511596548004315,test,/home/mbisoffi/tests/TemporalGNNReview/code/data/datasets/graph/NASDAQ_Test_2018-01-01_2019-12-31_19,135,195
136,721,390638,361,360,0.5006934812760055,0.49930651872399445,0.7525003852673755,test,/home/mbisoffi/tests/TemporalGNNReview/code/data/datasets/graph/NASDAQ_Test_2018-01-01_2019-12-31_19,136,195
137,721,390817,236,485,0.3273231622746186,0.6726768377253813,0.7528451995685005,test,/home/mbisoffi/tests/TemporalGNNReview/code/data/datasets/graph/NASDAQ_Test_2018-01-01_2019-12-31_19,137,195
138,721,389056,84,637,0.11650485436893204,0.883495145631068,0.7494529203267067,test,/home/mbisoffi/tests/TemporalGNNReview/code/data/datasets/graph/NASDAQ_Test_2018-01-01_2019-12-31_19,138,195
139,721,390063,424,297,0.5880721220527045,0.41192787794729546,0.7513927415626445,test,/home/mbisoffi/tests/TemporalGNNReview/code/data/datasets/graph/NASDAQ_Test_2018-01-01_2019-12-31_19,139,195
140,721,394751,310,411,0.42995839112343964,0.5700416088765603,0.7604234088457389,test,/home/mbisoffi/tests/TemporalGNNReview/code/data/datasets/graph/NASDAQ_Test_2018-01-01_2019-12-31_19,140,195
141,721,389664,407,314,0.5644937586685159,0.4355062413314841,0.750624133148405,test,/home/mbisoffi/tests/TemporalGNNReview/code/data/datasets/graph/NASDAQ_Test_2018-01-01_2019-12-31_19,141,195
142,721,388927,308,413,0.42718446601941745,0.5728155339805825,0.7492044228694714,test,/home/mbisoffi/tests/TemporalGNNReview/code/data/datasets/graph/NASDAQ_Test_2018-01-01_2019-12-31_19,142,195
143,721,393119,436,285,0.6047156726768377,0.3952843273231623,0.7572796270611805,test,/home/mbisoffi/tests/TemporalGNNReview/code/data/datasets/graph/NASDAQ_Test_2018-01-01_2019-12-31_19,143,195
144,721,390976,554,167,0.768377253814147,0.231622746185853,0.7531514871320697,test,/home/mbisoffi/tests/TemporalGNNReview/code/data/datasets/graph/NASDAQ_Test_2018-01-01_2019-12-31_19,144,195
145,721,388222,377,344,0.5228848821081831,0.47711511789181693,0.7478463553706273,test,/home/mbisoffi/tests/TemporalGNNReview/code/data/datasets/graph/NASDAQ_Test_2018-01-01_2019-12-31_19,145,195
146,721,394018,600,121,0.8321775312066574,0.16782246879334262,0.7590114039143165,test,/home/mbisoffi/tests/TemporalGNNReview/code/data/datasets/graph/NASDAQ_Test_2018-01-01_2019-12-31_19,146,195
147,721,389599,555,166,0.7697642163661581,0.2302357836338419,0.7504989212513484,test,/home/mbisoffi/tests/TemporalGNNReview/code/data/datasets/graph/NASDAQ_Test_2018-01-01_2019-12-31_19,147,195
148,721,390307,443,278,0.6144244105409153,0.38557558945908466,0.7518627677608261,test,/home/mbisoffi/tests/TemporalGNNReview/code/data/datasets/graph/NASDAQ_Test_2018-01-01_2019-12-31_19,148,195
149,721,390899,465,256,0.6449375866851595,0.35506241331484045,0.7530031591924796,test,/home/mbisoffi/tests/TemporalGNNReview/code/data/datasets/graph/NASDAQ_Test_2018-01-01_2019-12-31_19,149,195
150,721,389142,411,310,0.5700416088765603,0.4299583911234397,0.7496185852981969,test,/home/mbisoffi/tests/TemporalGNNReview/code/data/datasets/graph/NASDAQ_Test_2018-01-01_2019-12-31_19,150,195
151,721,390372,491,230,0.680998613037448,0.319001386962552,0.7519879796578826,test,/home/mbisoffi/tests/TemporalGNNReview/code/data/datasets/graph/NASDAQ_Test_2018-01-01_2019-12-31_19,151,195
152,721,394946,294,427,0.4077669902912621,0.5922330097087378,0.7607990445369086,test,/home/mbisoffi/tests/TemporalGNNReview/code/data/datasets/graph/NASDAQ_Test_2018-01-01_2019-12-31_19,152,195
153,721,387980,120,601,0.1664355062413315,0.8335644937586685,0.7473801818462013,test,/home/mbisoffi/tests/TemporalGNNReview/code/data/datasets/graph/NASDAQ_Test_2018-01-01_2019-12-31_19,153,195
154,721,393672,170,551,0.23578363384188628,0.7642163661581137,0.7583448913546001,test,/home/mbisoffi/tests/TemporalGNNReview/code/data/datasets/graph/NASDAQ_Test_2018-01-01_2019-12-31_19,154,195
155,721,388207,227,494,0.31484049930651875,0.6851595006934812,0.7478174603174603,test,/home/mbisoffi/tests/TemporalGNNReview/code/data/datasets/graph/NASDAQ_Test_2018-01-01_2019-12-31_19,155,195
156,721,389014,405,316,0.5617198335644937,0.43828016643550627,0.7493720141778394,test,/home/mbisoffi/tests/TemporalGNNReview/code/data/datasets/graph/NASDAQ_Test_2018-01-01_2019-12-31_19,156,195
157,721,388145,351,370,0.4868238557558946,0.5131761442441054,0.7476980274310372,test,/home/mbisoffi/tests/TemporalGNNReview/code/data/datasets/graph/NASDAQ_Test_2018-01-01_2019-12-31_19,157,195
158,721,389239,247,474,0.34257975034674065,0.6574202496532593,0.7498054399753429,test,/home/mbisoffi/tests/TemporalGNNReview/code/data/datasets/graph/NASDAQ_Test_2018-01-01_2019-12-31_19,158,195
159,721,392988,495,226,0.6865464632454924,0.3134535367545076,0.7570272769301896,test,/home/mbisoffi/tests/TemporalGNNReview/code/data/datasets/graph/NASDAQ_Test_2018-01-01_2019-12-31_19,159,195
160,721,387890,558,163,0.7739251040221914,0.2260748959778086,0.7472068115271999,test,/home/mbisoffi/tests/TemporalGNNReview/code/data/datasets/graph/NASDAQ_Test_2018-01-01_2019-12-31_19,160,195
161,721,394607,465,256,0.6449375866851595,0.35506241331484045,0.7601460163353367,test,/home/mbisoffi/tests/TemporalGNNReview/code/data/datasets/graph/NASDAQ_Test_2018-01-01_2019-12-31_19,161,195
162,721,391157,136,585,0.18862690707350901,0.811373092926491,0.7535001541069503,test,/home/mbisoffi/tests/TemporalGNNReview/code/data/datasets/graph/NASDAQ_Test_2018-01-01_2019-12-31_19,162,195
163,721,389558,600,121,0.8321775312066574,0.16782246879334262,0.7504199414393589,test,/home/mbisoffi/tests/TemporalGNNReview/code/data/datasets/graph/NASDAQ_Test_2018-01-01_2019-12-31_19,163,195
164,721,391041,515,206,0.7142857142857143,0.2857142857142857,0.7532766990291262,test,/home/mbisoffi/tests/TemporalGNNReview/code/data/datasets/graph/NASDAQ_Test_2018-01-01_2019-12-31_19,164,195
165,721,390332,116,605,0.1608876560332871,0.8391123439667129,0.7519109261827709,test,/home/mbisoffi/tests/TemporalGNNReview/code/data/datasets/graph/NASDAQ_Test_2018-01-01_2019-12-31_19,165,195
166,721,389262,485,236,0.6726768377253814,0.32732316227461855,0.7498497457235321,test,/home/mbisoffi/tests/TemporalGNNReview/code/data/datasets/graph/NASDAQ_Test_2018-01-01_2019-12-31_19,166,195
167,721,391142,400,321,0.5547850208044383,0.44521497919556174,0.7534712590537833,test,/home/mbisoffi/tests/TemporalGNNReview/code/data/datasets/graph/NASDAQ_Test_2018-01-01_2019-12-31_19,167,195
168,721,393135,523,198,0.7253814147018031,0.27461858529819694,0.7573104484512252,test,/home/mbisoffi/tests/TemporalGNNReview/code/data/datasets/graph/NASDAQ_Test_2018-01-01_2019-12-31_19,168,195
169,721,390165,612,109,0.8488210818307905,0.15117891816920948,0.7515892279241794,test,/home/mbisoffi/tests/TemporalGNNReview/code/data/datasets/graph/NASDAQ_Test_2018-01-01_2019-12-31_19,169,195
170,721,393255,428,293,0.5936199722607489,0.4063800277392511,0.7575416088765603,test,/home/mbisoffi/tests/TemporalGNNReview/code/data/datasets/graph/NASDAQ_Test_2018-01-01_2019-12-31_19,170,195
171,721,389323,625,96,0.8668515950069348,0.13314840499306524,0.7499672522730775,test,/home/mbisoffi/tests/TemporalGNNReview/code/data/datasets/graph/NASDAQ_Test_2018-01-01_2019-12-31_19,171,195
172,721,390121,237,484,0.3287101248266297,0.6712898751733702,0.7515044691015564,test,/home/mbisoffi/tests/TemporalGNNReview/code/data/datasets/graph/NASDAQ_Test_2018-01-01_2019-12-31_19,172,195
173,721,390188,218,503,0.30235783633841884,0.6976421636615812,0.7516335336723686,test,/home/mbisoffi/tests/TemporalGNNReview/code/data/datasets/graph/NASDAQ_Test_2018-01-01_2019-12-31_19,173,195
174,721,389744,592,129,0.8210818307905686,0.17891816920943138,0.7507782400986285,test,/home/mbisoffi/tests/TemporalGNNReview/code/data/datasets/graph/NASDAQ_Test_2018-01-01_2019-12-31_19,174,195
175,721,395412,516,205,0.7156726768377254,0.2843273231622746,0.7616967175219602,test,/home/mbisoffi/tests/TemporalGNNReview/code/data/datasets/graph/NASDAQ_Test_2018-01-01_2019-12-31_19,175,195
176,721,388528,181,540,0.2510402219140083,0.7489597780859917,0.7484358144552319,test,/home/mbisoffi/tests/TemporalGNNReview/code/data/datasets/graph/NASDAQ_Test_2018-01-01_2019-12-31_19,176,195
177,721,394292,432,289,0.5991678224687933,0.4008321775312067,0.7595392202188319,test,/home/mbisoffi/tests/TemporalGNNReview/code/data/datasets/graph/NASDAQ_Test_2018-01-01_2019-12-31_19,177,195
178,721,388643,268,453,0.37170596393897365,0.6282940360610263,0.7486573431961782,test,/home/mbisoffi/tests/TemporalGNNReview/code/data/datasets/graph/NASDAQ_Test_2018-01-01_2019-12-31_19,178,195
179,721,388013,252,469,0.34951456310679613,0.6504854368932038,0.7474437509631684,test,/home/mbisoffi/tests/TemporalGNNReview/code/data/datasets/graph/NASDAQ_Test_2018-01-01_2019-12-31_19,179,195
180,721,392347,441,280,0.6116504854368932,0.38834951456310685,0.7557924949915241,test,/home/mbisoffi/tests/TemporalGNNReview/code/data/datasets/graph/NASDAQ_Test_2018-01-01_2019-12-31_19,180,195
181,721,392666,385,336,0.5339805825242718,0.46601941747572817,0.7564069964555401,test,/home/mbisoffi/tests/TemporalGNNReview/code/data/datasets/graph/NASDAQ_Test_2018-01-01_2019-12-31_19,181,195
182,721,387834,527,194,0.7309292649098474,0.26907073509015256,0.7470989366620434,test,/home/mbisoffi/tests/TemporalGNNReview/code/data/datasets/graph/NASDAQ_Test_2018-01-01_2019-12-31_19,182,195
183,721,394871,427,294,0.5922330097087378,0.4077669902912622,0.7606545692710741,test,/home/mbisoffi/tests/TemporalGNNReview/code/data/datasets/graph/NASDAQ_Test_2018-01-01_2019-12-31_19,183,195
184,721,388650,440,281,0.6102635228848821,0.38973647711511794,0.7486708275543227,test,/home/mbisoffi/tests/TemporalGNNReview/code/data/datasets/graph/NASDAQ_Test_2018-01-01_2019-12-31_19,184,195
185,721,389319,570,151,0.7905686546463245,0.20943134535367547,0.7499595469255663,test,/home/mbisoffi/tests/TemporalGNNReview/code/data/datasets/graph/NASDAQ_Test_2018-01-01_2019-12-31_19,185,195
186,721,388425,238,483,0.3300970873786408,0.6699029126213591,0.7482374017568192,test,/home/mbisoffi/tests/TemporalGNNReview/code/data/datasets/graph/NASDAQ_Test_2018-01-01_2019-12-31_19,186,195
187,721,395347,419,302,0.5811373092926491,0.41886269070735094,0.7615715056249037,test,/home/mbisoffi/tests/TemporalGNNReview/code/data/datasets/graph/NASDAQ_Test_2018-01-01_2019-12-31_19,187,195
188,721,390259,54,667,0.07489597780859916,0.9251040221914009,0.751770303590692,test,/home/mbisoffi/tests/TemporalGNNReview/code/data/datasets/graph/NASDAQ_Test_2018-01-01_2019-12-31_19,188,195
189,721,389603,591,130,0.8196948682385575,0.18030513176144247,0.7505066265988596,test,/home/mbisoffi/tests/TemporalGNNReview/code/data/datasets/graph/NASDAQ_Test_2018-01-01_2019-12-31_19,189,195
190,721,389179,345,376,0.478502080443828,0.521497919556172,0.7496898597626753,test,/home/mbisoffi/tests/TemporalGNNReview/code/data/datasets/graph/NASDAQ_Test_2018-01-01_2019-12-31_19,190,195
191,721,392592,435,286,0.6033287101248266,0.3966712898751734,0.7562644475265834,test,/home/mbisoffi/tests/TemporalGNNReview/code/data/datasets/graph/NASDAQ_Test_2018-01-01_2019-12-31_19,191,195
192,721,389886,267,454,0.37031900138696255,0.6296809986130374,0.751051779935275,test,/home/mbisoffi/tests/TemporalGNNReview/code/data/datasets/graph/NASDAQ_Test_2018-01-01_2019-12-31_19,192,195
193,721,393425,360,361,0.49930651872399445,0.5006934812760055,0.7578690861457852,test,/home/mbisoffi/tests/TemporalGNNReview/code/data/datasets/graph/NASDAQ_Test_2018-01-01_2019-12-31_19,193,195
194,721,391296,298,423,0.4133148404993065,0.5866851595006934,0.7537679149329635,test,/home/mbisoffi/tests/TemporalGNNReview/code/data/datasets/graph/NASDAQ_Test_2018-01-01_2019-12-31_19,194,195
